KEY,English,Japanese,Korean,Russian,Español,Português,Français,Deutsch,Italiano
Language,English,日本人,한국의,русский,Español,Português,Français,Deutsch,Italiano
Flag,usa,japan,korea,russia,spain,brazil,france,deutch,italy
English,"English";"English";"English";"English";"English";"English";"English";"English";"English"
Español,"Español";"Español";"Español";"Español";"Español";"Español";"Español";"Español";"Español"
Français,"Français";"Français";"Français";"Français";"Français";"Français";"Français";"Français";"Français"
Deutsch,"Deutsch";"Deutsch";"Deutsch";"Deutsch";"Deutsch";"Deutsch";"Deutsch";"Deutsch";"Deutsch"
Italiano,"Italiano";"Italiano";"Italiano";"Italiano";"Italiano";"Italiano";"Italiano";"Italiano";"Italiano"
日本人,"日本人";"日本人";"日本人";"日本人";"日本人";"日本人";"日本人";"日本人";"日本人"
한국의,"한국의";"한국의";"한국의";"한국의";"한국의";"한국의";"한국의";"한국의";"한국의"
русский,"русский";"русский";"русский";"русский";"русский";"русский";"русский";"русский";"русский"
Português,"Português";"Português";"Português";"Português";"Português";"Português";"Português";"Português";"Português"
What's your name?,"What's your name?";"お名前は何ですか？";"이름이 뭐예요?";"Твое имя?";"Cuál es tu nombre?";"Qual o seu nome?";"Quel est votre nom?";"Was ist Ihr Name?";"Come ti chiami?"
HISTORY MODE,"HISTORY\nMODE";"履歴\nモード";"역사\n모드";"ИСТОРИЯ";"MODO\nHISTORIA";"MODO DE\nHISTÓRIA";"MODE HISTORY";"HISTORY-MODUS";"MODALITÀ STORIA"
STORE,"STORE";"店";"저장";"МАГАЗИН";"TIENDA";"LOJA";"MAGASIN";"STORE";"STORE"
QUICK PLAY,"QUICK\nPLAY";"迅速\n遊び";"경기\n빠른";"БЫСТРАЯ\NИГРА";"JUEGO\nRÁPIDO";"JOGO\nRÁPIDO";"QUICK PLAY";"QUICK PLAY";"Quick Play"
Next,"Next";"次";"다음에";"Дальше";"Continuar";"Seguinte";"Suivant";"Als Nächstes";"Il Prossimo"
Activate Tutorial,"Activate\nTutorial";"オンにする\n学習用";"켜\n클래스";"Включить\nОбучение";"Activar\nTutorial";"Ativar\nTutorial";"Activer Tutorial";"Aktivieren Tutorial";"Attiva Tutorial"
Credits,"Credits";"加入者";"참가자";"Авторы";"Créditos";"Créditos";"Crédits";"Credits";"Credits"
LOADING...,"LOADING...";"荷重...";"기다리다";"ЗАГРУЗКА...";"CARGANDO…";"CARREGAMENTO";"CHARGEMENT ...";"WIRD GELADEN ...";"LOADING ..."
Change user,"Change user";"変更 使用者";"사용자 변경";"Смена игрока...";"Cambiar usuario";"Troca usuário";"Changer d'utilisateur";"Benutzer wechseln";"Cambia utente"
Not Connected,"Not Connected";"接続されていません";"연결되지 않음";"Нет Соединения";"No Conectado";"Não Conectado";"Non connecté";"Nicht verbunden";"Non connesso"
Invite Friends,"Invite Friends";"友達を招待";"친구 초대";"Пригласить Друзей";"Invitar Amigos";"Convidar Amigos";"Inviter des amis";"Freunde einladen";"Invita Amici"
Visit,"Visit";"訪問";"방문";"Перейти";"Visitar";"Visita";"Visite";"Besuch";"Visita"
- Visit your facebook friends! -,"- Visit your facebook friends! -";"-  Facebookの友達をご覧ください！ -";"- 당신의 facebook 친구를 방문하십시오! -";"- Перейти к друзьям из Facebook! -";"- Visita a tus amigos de facebook -";"- Visite seus amigos do Facebook! -";"- Visitez vos amis de Facebook! -";"- Besuchen Sie Ihre Facebook-Freunde! -";"- Visita i tuoi amici di Facebook! -"
Select Your Character,"Select Your Character";"あなたのキャラクターを選択";"캐릭터를 선택";"Выбери Твоего Персонажа";"Elige a tu Personaje";"Selecione seu personagem";"Choisissez votre personnage";"Wählen Sie Ihren Charakter";"Seleziona il tuo personaggio"
I'm new guy in the neighbourhood.,"I'm new guy in the neighbourhood.";"私は特定区域内の新しい男だ。";"나는 동네에서 새로운 사람이야.";"Я здесь недавно.";"Soy el chico nuevo en la ciudad";"Eu sou o cara novo no bairro.";"Je suis nouveau mec dans le quartier.";"Ich bin neu Kerl in der Nachbarschaft.";"Sono nuovo i ragazzi del quartiere."
Strength,"Strength";"力";"힘";"Сила";"Fuerza";"Vigor";"Force";"Stärke";"Forza"
Speed,"Speed";"速度";"속도";"Скорость";"Velocidad";"Velocidade";"Vitesse";"Geschwindigkeit";"Velocità"
Deathly blow from top to bottom,"Deathly blow from top to bottom";"死の上から下に打撃";"죽음 위에서 아래로 날려";"Смертельный удар сверху вниз";"Corte mortal de arriba a abajo.";"Golpe mortal de cima para baixo";"Deathly sauter de haut en bas";"Deathly Schlag von oben nach unten";"Doni soffiare da cima a fondo"
Blizzard that will slow down your troubles.,"Blizzard that will slow down your troubles.";"あなたの悩みが遅くなります嵐。";"당신의 문제를 느려지 블리자드.";"Метель замедлит твои проблемы";"Tormenta que hará más lentos tus problemas.";"Tempestade que vai abrandar os seus problemas.";"Blizzard qui ralentira vos ennuis.";"Blizzard, dass Sie Ihre Probleme verlangsamen wird.";"Blizzard che rallenterà i vostri problemi."
LOCKED,"LOCKED";"ロックされた";"고정";"ЗАКРЫТО";"BLOQUEADO";"BLOQUEADO";"LOCKED";"LOCKED";"BLOCCATO"
I have great experience and the passion of France,"I have great experience and the passion of France";"私は素晴らしい経験とフランスの情熱を持っている";"나는 좋은 경험과 프랑스의 열정을 가지고";"Я получила много опыта во Франции и стремлюсь применить его!";"Tengo mucha experiencia y la pasión de Francia";"Tenho grande experiência e a paixão de França (si es el país, se escribe así)";"Je ai une grande expérience et la passion de la France";"Ich habe große Erfahrung und die Leidenschaft der France";"Ho grande esperienza e la passione di Francia"
A cut that affect all the top hair in your client for limited time.,"A cut that affect all the top hair in your client for limited time.";"限られた時間のためにあなたのクライアントのすべてのトップの髪に影響をカット。";"제한된 시간 동안 클라이언트에있는 모든 상위 머리에 영향을 미칠 컷.";"Стрижка всей верхней части причёски сразу (ограниченное время).";"Un corte que corta el tope del pelo";"Um corte que corta a parte de cima do cabelo";"Une coupe qui affectent tous les cheveux dessus dans votre client pour un temps limité.";"Ein Schnitt, der alle oben Haare beeinflussen in Ihrem Client für begrenzte Zeit.";"Un taglio che influenzano tutti i capelli in alto nel tuo client per un tempo limitato."
Automatic cuts with increased speed.,"Automatic cuts with increased speed.";"増加した速度で自動カット。";"증가 속도와 자동 잘라냅니다.";"Автоматическая стрижка на высокой скорости.";"Cortes automáticos con más velocidad";"Cortes automáticos com maior velocidade.";"Coupes automatiques avec vitesse accrue.";"Automatische Schnitte mit erhöhter Geschwindigkeit.";"Tagli automatici con maggiore velocità."
"I am the head of the barbershop, let's get it done!";"I am the head of the barbershop, let's get it done!";"私は理髪店の頭だ、のは、それが行われましょう！";"나는 이발소의 머리 오전의 그것을 수행하자!";"Я директор парикмахерской, давай сделаем это!";"Soy el mejor de la peluquería, hagamos esto";"Eu sou o chefe da barbearia, vamos fazê-lo!";"Je suis le chef de le salon de coiffure, nous allons l'obtenir fait!";"Ich bin der Leiter des Barbershop, wollen wir es tun!";"Io sono il capo del barbiere, cerchiamo di farlo fare!"
Increase the power of each cut for limited time.,"Increase the power of each cut for limited time.";"限られた時間のために、各カットの電力を増やします。";"제한된 시간 동안 각 컷의 힘을 증가시킨다.";"Увеличение мощности каждого среза (ограниченное время).";"Incrementa el poder de cada corte por un tiempo.";"Aumente a potência de cada corte por tempo limitado.";"Augmentez la puissance de chaque coupe pour un temps limité.";"Erhöhen Sie die Leistung von jedem Schnitt für begrenzte Zeit.";"Aumentare la potenza di ogni taglio per un tempo limitato."
Make the hair totally still for limited time.,"Make the hair totally still for limited time.";"限られた時間のために完全にまだ髪を行います。";"제한된 시간 동안 완전히 여전히 머리를합니다.";"Зафиксировать волосы (ограниченное время).";"Hace el pelo totalmente estático por un tiempo";"Faça o cabelo totalmente parado por tempo limitado.";"Rendre les cheveux totalement immobile pour un temps limité.";"Stellen Sie das Haar gänzlich noch für begrenzte Zeit.";"Rendere i capelli completamente ancora per un tempo limitato."
Hire!,"Hire!";"雇う！";"고용!";"Нанять!";"Contratar!";"Contrate!";"Recrutez!";"Vermietung!";"Noleggio!"
GO!,"GO!";"行く！";"가자!";"Старт!";"VAMOS!";"VAMOS!";"GO!";"GO!";"GO!"
TIME LIMIT,"TIME LIMIT";"制限時間";"제한 시간";"ВРЕМЯ";"TIEMPO LÍMITE";"PRAZO";"DÉLAI";"FRIST";"TERMINE"
CHALLENGE,"CHALLENGE";"挑戦";"도전";"СОСТЯЗАНИЕ";"RETO";"DESAFIO";"DÉFI";"CHALLENGE";"CHALLENGE"
Reward,"Reward";"褒賞";"보수";"Награда";"Recompensa";"Recompensa";"Récompense";"Belohnung";"Ricompensa"
FIGHT!,"FIGHT!";"戦う！";"싸움!";"БОЙ!";"PELEA!";"LUTA!";"Fight!";"FIGHT!";"LOTTA!"
Passed!,"Passed!";"渡された！";"전달!";"Пройдено!";"Pasado!";"Passou!";"Passé!";"Bestanden!";"Passato!"
My Barbershop,"My Barbershop";"私の理髪店";"내 이발소";"Моя Парикмахерская";"Mi Peluquería";"Minha barbearia";"Mon Barbershop";"Meine Barber";"My Barbershop"
PAUSED,"PAUSED";"一時停止";"일시 정지";"ПАУЗА";"PAUSADO";"PAUSA";"PAUSE";"PAUSED";"PAUSA"
HINTS,"HINTS";"ヒント";"힌트";"ПОДСКАЗКИ";"CONSEJOS";"DICAS";"CONSEILS";"TIPPS";"SUGGERIMENTI"
"Everytime you level up, your barber gets faster and stronger";"Everytime you level up, your barber gets faster and stronger";"あなたがレベルアップするたびに、あなたの理髪師はより速く、強くなる";"당신은 레벨 업 때마다, 당신의 이발사 빠르고 강한 도착";"С каждым уровнем парикмахер становится быстрее и сильнее!";"Cada vez que subes de nivel, tu peluquero se vuelve más fuerte y rápido";"Toda vez que você subir de nível, o seu barbeiro fica mais rápido e mais forte";"Chaque fois que vous montez de niveau, à votre coiffeur devient plus rapide et plus fort";"Jedes Mal wenn Sie Stufe nach oben, wird Ihr Friseur schneller und stärker";"Ogni volta che salire di livello, il tuo barbiere diventa più veloce e più forte"
"If you want a new barber, you can buy one at the Store";"If you want a new barber, you can buy one at the Store";"新しい床屋が必要な場合は、店で1を購入することができます";"새 이발사를 원하는 경우, 당신은 가게에서 하나를 구입하실 수 있습니다";"В Магазине можно купить новых парикмахеров.";"Si quieres un nuevo peluquero, puedes comprar uno en la Tienda";"Se você quer um novo barbeiro, você pode comprar um na loja";"Si vous voulez un nouveau salon de coiffure, vous pouvez en acheter un au magasin";"Wenn Sie einen neuen Friseur möchten, können Sie einen im Laden kaufen";"Se si desidera una nuova barbiere, è possibile acquistarne uno presso il negozio"
The special abilities for every barber are upgradeable. The max level is 9.,"The special abilities for every barber are upgradeable. The max level is 9.";"すべての理髪師のための特別な能力は、アップグレード可能です。最大レベルは9です。";"모든 이발사의 특별한 능력을 업그레이드 할 수 있습니다. 최대 레벨은 9이다.";"Специальные умения каждого парикмахера можно развивать. Максимальный уровень - 9.";"Las habilidades de cada peluquero se pueden mejorar hasta el nivel 9.";"As habilidades especiais para cada barbeiro são atualizáveis. O nível máximo é 9.";"Les capacités spéciales pour chaque barbier sont évolutifs. Le niveau maximum est de 9.";"Die besonderen Fähigkeiten für jeden Friseur sind erweiterbar. Der maximale Pegel beträgt 9.";"Le abilità speciali per ogni barbiere sono aggiornabili. Il livello massimo è 9."
"The harder the client, more gold is likely to appear";"The harder the client, more gold is likely to appear";"クライアント難しく、より多くの金が発生しやすい";"클라이언트 더 열심히, 더 많은 금이 나타날 가능성이";"Чем сложнее клиент, тем выше шанс появления золота.";"Mientras más difícil sea el cliente, aparece más oro";"Quanto mais difícil for o cliente, é provável que apareçam mais ouro";"Le plus difficile le client, plus d'or est susceptible d'apparaître";"Je härter der Kunde, wird wahrscheinlich erscheinen mehr Gold";"Più duro il cliente, più l'oro rischia di apparire"
GAME FINISHED!,"GAME FINISHED!";"ゲームが完成！";"게임은 완료!";"ИГРА ЗАКОНЧЕНА!";"JUEGO TERMINADO!";"JOGO TERMINADO!";"JEU FINI!";"Spiel ist!";"GIOCO FINITO!"
FINISHED!,"FINISHED!";"完成！";"완료!";"ФИНИШ!";"TERMINADO!";"TERMINOU!";"FINI!";"FERTIG!";"FINITO!"
TIPS,"TIPS";"ヒント";"팁";"ЧАЕВЫЕ";"PROPINAS";"DICAS";"CONSEILS";"TIPPS";"CONSIGLI"
To Next Level,"To Next Level";"次のレベルへ";"다음 단계로";"Следующий Уровень";"Al Siguiente Nivel";"Para Próximo Nível";"Pour Next Level";"Um Next Level";"Per Next Level"
UPGRADE,"UPGRADE";"アップグレード";"업그레이드";"УЛУЧШЕНИЯ";"MEJORAR";"UPGRADE";"MISE À JOUR";"UPGRADE";"UPGRADE"
MISSIONS,"MISSIONS";"ミッション";"선교";"МИССИИ";"MISIONES";"MISSÕES";"MISSIONS";"AUFGABEN";"MISSIONI"
Share,"Share";"シェア";"몫";"Поделиться";"Compartir";"Compartilhar";"Part";"Aktie";"Quota"
GREAT WORK!,"GREAT WORK!";"偉大な仕事！";"훌륭한 일!";"ОТЛИЧНАЯ РАБОТА!";"GRAN TRABAJO!";"GRANDE OBRA!";"Excellent travail!";"Great work!";"GRANDE LAVORO!"
Level,"Level";"レベル";"수평";"Уровень";"Nivel";"Nível";"Niveau";"Höhe";"Livello"
Time's Up!,"Time's Up!";"時間のアップ！";"시간의 최대!";"Время вышло!";"Tiempo Terminado!";"Tempo esgotado!";"TIME'S UP!";"Zeit ist abgelaufen!";"Up Time!"
Success,"Success";"成功";"성공";"Готово";"Éxito";"Sucesso";"Succès";"Erfolg";"Successo"
SCORE,"SCORE";"スコア";"점수";"ОЧКИ";"PUNTAJE";"PONTO";"BUT";"ERGEBNIS";"PUNTO"
You Win!,"You Win!";"あなたが勝つ！";"당신은 이길!";"Победа!";"Ganaste!";"Você ganha!";"Vous gagnez!";"Sie gewinnen!";"Hai vinto!"
Ready?,"Ready?";"準備はできましたか？";"준비가 되셨습니까?";"Готов?";"Listo?";"Pronto?";"Prêt?";"Bereit?";"Pronto?"
TIME IS UP!,"TIME IS UP!";"時間切れです！";"시간이 다!";"ВРЕМЯ ИСТЕКЛО!";"SE ACABÓ EL TIEMPO!";"O TEMPO ACABOU!";"LE TEMPS S'EST ÉCOULÉ!";"DIE ZEIT IST UM!";"IL TEMPO È SCADUTO!"
You did it!,"You did it!";"あなたはそれをやった！";"당신은 그것을했다!";"Готово!";"Lo lograste!";"Você conseguiu!";"Vous l'avez fait!";"Sie haben es geschafft!";"L'hai fatto!"
Not bad,"Not bad";"悪くない";"나쁘지 않아";"Неплохо";"No está mal";"Não é ruim";"Pas mal";"Nicht schlecht";"Non male"
Good!,"Good!";"良い！";"좋은!";"Хорошо";"Bien!";"Bom!";"Bon!";"Good!";"Bene!"
Well Done!,"Well Done!";"よくやった！";"잘!";"Отлично";"Bien Hecho!";"Bem Feito!";"Bravo!";"Well Done!";"Ben Fatto!"
Great performance!,"Great performance!";"素晴らしいパフォーマンス！";"뛰어난 성능!";"Великолепно";"Gran desempeño!";"Excelente desempenho!";"Grande performance!";"Starke Leistung!";"Grande prestazione!"
I'm getting stronger scissors every second. I've got,"I'm getting stronger scissors every second. I've got";"私は毎秒強くはさみを取得しています。私が持っている";"나는 매 초마다 강한 가위를 얻고있다. 내가있어";"Мои ножницы сильнее с каждой секундой. Я набрал";"Estoy logrando tijeras más fuertes cada segundo. Obtuve";"Tenho tesouras mais fortes a cada segundo. Eu tenho";"Je reçois des ciseaux plus forts à chaque seconde. Je ai";"Ich bin immer stärkeren Scheren jede Sekunde. Ich habe";"Sto diventando forbici forte ogni secondo. Ho"
points. Can you beat me?,"points. Can you beat me?";"ポイント。あなたは私を倒すことができますか？";"점. 당신은 날 이길 수 있습니까?";"очков. Сможешь опередить меня?";"puntos. ¿Puedes vencerme?";"pontos. Você pode me bater?";"Le secteur. Pouvez-vous me battre?";"Punkte. Kannst du mich schlagen?";"punti. Riesci a battere me?"
I had defeated a barbershop with,"I had defeated a barbershop with ";"私は との理髪店を破っていた";"내가 와 이발소를 격파했다";"Парикмахерская пройдена! Получено ";"He derrotado una peluquería con ";"Eu tinha derrotado uma barbearia com ";"Je avais vaincu un salon de coiffure avec ";"Ich hatte einen Friseurladen mit besiegt ";"Avevo sconfitto un barbiere con "
Challenge Passed!,"Challenge Passed!";"課題は、渡された！";"문제는 통과!";"Испытание пройдено!";"Reto Pasado!";"Desafio Aprovado!";"Défi Réussi!";"Herausforderung bestanden!";"Sfida passato!"
EXTRA LIFE!,"EXTRA LIFE!";"余分な生活！";"여분의 인생!";"ЗАПАСНАЯ ЖИЗНЬ";"VIDA EXTRA!";"VIDA EXTRA!";"VIE EXTRA!";"EXTRA-LEBEN!";"VITA EXTRA!"
Challenge Fail,"Challenge Fail";"挑戦は失敗する";"도전은 실패";"Испытание провалено";"Reto Fallido";"Desafio falido";"Défi Fail";"Herausforderung Fail-";"Sfida Fail"
YES,"YES";"はい";"예";"ДА";"SÍ";"SIM";"OUI";"JA";"SI"
NO,"NO";"いいえ";"아니";"НЕТ";"NO";"NÃO";"NO";"NEIN";"NO"
ARE YOU SURE?,"ARE YOU SURE?";"本気ですか？";"당신은 확신?";"ТОЧНО?";"¿ESTÁS SEGURO?";"VOCÊ TEM CERTEZA?";"ÊTES-VOUS SÛR?";"SIND SIE SICHER?";"SEI SICURO?"
"You'll keep your points, but lose an opportunity";"You'll keep your points, but lose an opportunity";"あなたはあなたのポイントを維持しますが、機会を失うことになる";"당신은 당신의 포인트를 유지하지만, 기회를 잃게됩니다";"Очки будут сохранены, но возможность упущена";"Mantendrás tus puntos, pero perderás una oportunidad";"Você vai manter os seus pontos, mas perde uma oportunidade";"Vous allez garder vos points, mais perdre l'occasion";"Sie werden Ihre Punkte zu halten, aber verlieren die Möglichkeit,";"Potrai mantenere i vostri punti, ma perde l'occasione"
Challenge Success!,"Challenge Success!";"成功に挑戦！";"성공에 도전!";"Испытание пройдено!";"Reto Pasado!";"Desafio superado!";"Défi succès!";"Herausforderung, Erfolg!";"Sfida Successo!"
Unlocked!,"Unlocked!";"ロック解除！";"잠금 해제!";"Открыто!";"Desbloqueado!";"Desbloqueado!";"Débloqué!";"Freigeschaltet!";"Sbloccato!"
The challenge has failed...,"The challenge has failed...";"挑戦は失敗しました...";"도전에 실패했습니다 ...";"Испытание провалено";"El reto no se ha completado";"O desafio falhou ...";"Le défi a échoué ...";"Die Herausforderung ist ausgefallen ...";"La sfida non è riuscito ..."
New life at,"New life at";"での新しい生活";"에 새 생명";"Новая жизнь:";"Nueva op. en";"Nova vida em";"Nouvelle vie à";"Neues Leben auf";"Nuova vita"
to change clients,"to change clients";"クライアントを変更するには";"클라이언트를 변경하려면";"сменить клиентов";"para cambiar clientes";"para alterar clientes";"pour changer clients";"Kunden ändern";"cambiare clienti"
Plastic Chairs,"Plastic Chairs";"プラスチックの椅子";"플라스틱 의자";"Пластиковые Стулья";"Sillas Plásticas";"Cadeiras de plástico";"Chaises en plastique";"Plastikstühle";"Sedie di plastica"
White Couch,"White Couch";"白いソファ";"화이트 소파";"Белый Диван";"Sofá Blanco";"Sofá branco";"Blanc Couch";"Weiße Couch";"Bianco Divano"
Ergonomic Chairs,"Ergonomic Chairs";"エルゴノミックチェア";"인체 공학적 의자";"Эргономичные Стулья";"Sillas Ergonómicas";"Cadeiras ergonômicas";"Chaises ergonomiques";"Ergonomische Stühle";"Sedie ergonomiche"
Fluorescent Light,"Fluorescent Light";"蛍光灯";"형광";"Лампы Дневного Света";"Luz Fluorecente";"Luz Fluorescente";"Lumière fluorescente";"Flächenleuchte";"Luce fluorescente"
Hanging Lamps,"Hanging Lamps";"ランプをぶら下げ";"교수형 램프";"Подвесные Светильники";"Lámparas Colgantes";"Lâmpadas de suspensão";"Lampes suspendues";"Hängeleuchten";"Lampade a sospensione"
Chinese Paper Lamps,"Chinese Paper Lamps";"中国の紙灯";"중국 페이퍼 램프";"Китайские Бумажные Фонари";"Lámparas de Papel Chinas";"Lâmpadas do papel chinês";"Lampes papier chinois";"Chinesisches Papier-Lampen";"Lampade di carta cinese"
Little Table,"Little Table";"少しテーブル";"작은 테이블";"Столик";"Mesa Pequeña";"Mesa pequena";"Petite Table";"Kleine Tisch";"Tavolino"
Glass Table,"Glass Table";"ガラス製のテーブル";"유리 테이블";"Стеклянный Столик";"Mesa de Vidrio";"Mesa de vidro";"Table en verre";"Glastisch";"Tabella di vetro"
Fancy Tables,"Fancy Tables";"派手なテーブル";"멋진 테이블";"Дизайнерские Столы";"Mesas Lujosas";"Mesas elegantes";"Tables Fancy";"Fancy Tabellen";"Tabelle Fancy"
Radioactive Wall,"Radioactive Wall";"放射性壁";"방사성 벽";"Радиоактивная Стена";"Muro Radioactivo";"Parede radioativa";"Radioactifs mur";"Radioaktive Wand";"Radioactive Muro"
Cold Blood Wall,"Cold Blood Wall";"冷たい血液壁";"차가운 혈액 벽";"Кровавая Стена";"Muro Sangre Fría";"Parede sangue frio";"Froide mur sang";"Cold Blood Wand";"Cold Blood Muro"
Pink Stripes Wall,"Pink Stripes Wall";"ピンクのストライプの壁";"핑크 줄무늬 벽";"Полосатая Стена";"Muro Tiras Rosas";"Parede com listras rosas";"Rayures roses mur";"Rosa Streifen Wand";"Rosa Stripes Muro"
Skulls Wallpaper,"Skulls Wallpaper";"頭蓋骨の壁紙";"두개골 배경 화면";"Стена Черепов";"Muro Calaveras";"Parede com caveiras";"Crânes Wallpaper";"Skulls Wallpaper";"Skulls Wallpaper"
Zombie Blood Wall,"Zombie Blood Wall";"ゾンビの血壁";"좀비 혈액 벽";"Зомби Стена";"Muro Sangre Zombie";"Parede sangue zumbi";"Zombie mur sang";"Zombie Blut Wand";"Zombie sangue Muro"
Starlight Wall,"Starlight Wall";"星の光の壁";"별빛 벽";"Звёздная Стена";"Muro Luz de Estrellas";"Parede luz de estrelas";"Starlight mur";"Starlight-Wand";"Starlight Muro"
Half Window Door,"Half Window Door";"半分の窓ドア";"반 창 문";"Половина Оконной Двери";"Puerta Media Ventana";"Porta com janela pequena";"Porte Demi fenêtre";"Halb Fenster Tür";"Mezza Window Door"
Big Window Door,"Big Window Door";"大きな窓のドア";"큰 창 문";"Большая Оконная Дверь";"Puerta Ventana Grande";"Porta com janela grande";"Big porte fenêtre";"Big Fenster Tür";"Big Window Door"
Cristal Door,"Cristal Door";"クリスタルドア";"크리스털 문";"Кристальная Стена";"Puerta de Cristal";"Porta de vidro";"Cristal porte";"Cristal Tür";"Cristal Door"
Top Windows,"Top Windows";"トップ窓";"상단 창";"Надёжные Окна";"Ventanas Superiores";"Janelas Top";"Haut de Windows";"Anfang Windows";"Top di Windows"
Standard Windows,"Standard Windows";"標準のWindows";"표준 창";"Окна";"Ventanas Estándar";"Janela padrão";"Windows standard";"Standard-Windows-";"Windows standard"
Hollywood Windows,"Hollywood Windows";"ハリウッドの窓";"할리우드 창";"Голливудские Окна";"Ventanas Hollywood";"Janelas Hollywood";"Hollywood de Windows";"Hollywood Windows-";"Hollywood di Windows"
SHOP,"SHOP";"ショップ";"가게";"МАГАЗИН";"TIENDA";"LOJA";"BOUTIQUE";"SHOP";"SHOP"
Store,"Store";"店舗";"저장";"Магазин";"Tienda";"Loja";"Magasin";"Speicher";"Negozio"
Exit,"Exit";"出口";"출구";"Выход";"Salir";"Sair";"Sortie";"Ausgang";"Uscita"
Processing... Please wait,"Processing... Please wait";"処理...お待ちください";"처리 중입니다 ... 잠시만 기다려주십시오";"Загрузка... Пожалуйста, подождите...";"Procesando... Por favor espere";"Processando ... Por favor, aguarde";"Traitement en cours ... Se il vous plaît attendre";"In Bearbeitung ... Bitte warten";"Elaborazione in corso ... attendere"
Barbers,"Barbers";"床屋";"이발사";"Парикмахеры";"Peluqueros";"Barbeiros";"Barbiers";"Barbers";"Barbieri"
Upgrades,"Upgrades";"アップグレード";"업그레이드";"Обновления";"Mejoras";"Upgrades";"Mises à niveau";"Upgrades";"Aggiornamenti"
Objets,"Objets";"オブジェ";"오브제";"Объекты";"Objetos";"Objetos";"Objets";"Kunst";"Objets"
More Gold,"More\nGold";"より多くの金";"더 많은 금";"Больше Золота";"Más\nOro";"Mais de Ouro";"Plus d'or";"Mehr Gold-";"Altro oro"
Customize Barbershop,"Customize\nBarbershop";"理髪店をカスタマイズ";"이발소를 사용자 정의";"Настроить Парикмахерскую";"Personalizar\nPeluquería";"Personalize Barbearia";"Personnalisez Barbershop";"Passen Barber";"Personalizzare Barbershop"
Gold Coin Pack #1,"Gold Coin Pack #1";"ゴールドコインパック＃1";"골드 코인 팩 # 1";"Золото # 1";"Paquete de Oro #1";"Pacote de Moedas de Ouro # 1";"Gold Coin Pack # 1";"Goldmünze-Pack # 1";"Gold Coin Pack # 1"
Gold Coin Pack #2,"Gold Coin Pack #2";"ゴールドコインパック＃2";"골드 코인 팩 # 2";"Золото # 2";"Paquete de Oro #2";"Pacote de Moedas de Ouro # 2";"Gold Coin Pack # 2";"Goldmünze-Pack # 2";"Gold Coin Pack # 2"
Gold Coin Pack #3,"Gold Coin Pack #3";"ゴールドコインパック＃3";"골드 코인 팩 # 3";"Золото # 3";"Paquete de Oro #3";"Pacote de Moedas de Ouro # 3";"Gold Coin Pack # 3";"Goldmünze-Pack # 3";"Gold Coin Pack # 3"
Gold Coin Pack #4,"Gold Coin Pack #4";"ゴールドコインパック＃4";"골드 코인 팩 # 4";"Золото # 4";"Paquete de Oro #4";"Pacote de Moedas de Ouro # 4";"Gold Coin Pack # 4";"Goldmünze-Pack # 4";"Gold Coin Pack # 4"
Gold Coin Pack #5,"Gold Coin Pack #5";"ゴールドコインパック＃5";"골드 코인 팩 # 5";"Золото # 5";"Paquete de Oro #5";"Pacote de Moedas de Ouro # 5";"Gold Coin Pack # 5";"Goldmünze-Pack # 5";"Gold Coin Pack # 5"
Add a life to your next play,"Add a life to your next play";"あなたの次のプレイに生命を追加";"다음 플레이에 생명을 추가";"добавить жизни вашей следующей игре";"Añade una vida a tu próximo juego";"Adicionar uma vida para o seu próximo jogo";"Ajouter une vie à votre prochaine pièce";"Fügen Sie ein Leben zu Ihrem nächsten Spiel";"Aggiungi una vita per il vostro prossimo gioco"
Double the gold earned in your next play,"Double the gold earned in your next play";"あなたの次のプレイで獲得した金を倍増";"다음 플레이에서 획득 한 금메달을 두 배로";"удвоить золото заработанные в следующей игре";"Duplica el oro en tu próximo juego";"Duplicar o ouro ganho em seu próximo jogo";"Double gagné l'or dans votre prochaine pièce";"Doppel das Gold in Ihrem nächsten Spiel verdient";"Doppio l'oro ha guadagnato nel vostro prossimo gioco"
Triple the gold earned in your next play,"Triple the gold earned in your next play";"トリプル金はあなたの次のプレイで獲得した";"트리플 금 당신의 다음 플레이 적립";"тройной золотой заработал в следующей игре";"Triplica el oro en tu próximo juego";"Triplicar o ouro ganho em seu próximo jogo";"Triple gagné l'or dans votre prochaine pièce";"Triple-Gold in Ihrem nächsten Spiel verdient";"Triple l'oro ha guadagnato nel vostro prossimo gioco"
Your cut strength increases in 50% in your next play,"Your cut strength increases in 50% in your next play";"あなたのカットの強さは、あなたの次のプレイで50％増加";"당신의 절단 강도는 다음 경기에서 50 %로 증가";"ваш разрез сила увеличивается в 50% в следующей игре";"La fuerza de tus cortes aumenta en 50% en tu próximo juego";"A força dos seus cortes aumenta em 50% no seu próximo jogo";"Votre force de coupe augmente de 50% sur votre prochaine pièce";"Ihre Schnittfestigkeit erhöht bei 50% in Ihrem nächsten Spiel";"La tua forza di taglio aumenta di 50% nel vostro prossimo gioco"
Your cut speed increases in 50% in your next play,"Your cut speed increases in 50% in your next play";"あなたのカット速度は、あなたの次のプレイで50％増加";"당신의 절단 속도는 다음 경기에서 50 %로 증가";"Ваш скорость резки увеличивается в 50% в следующей игре";"La velocidad de tus cortes aumenta en 50% en tu próximo juego";"Sua velocidade de corte aumenta em 50% no seu próximo jogo";"Votre vitesse de coupe augmente de 50% sur votre prochaine pièce";"Ihre Schnittgeschwindigkeit erhöht bei 50% in Ihrem nächsten Spiel";"La vostra velocità di taglio aumenta di 50% nel vostro prossimo gioco"
Your cut speed and strength increases in 50% in your next play,"Your cut speed and strength increases in 50% in your next play";"あなたのカットスピードと強さは、あなたの次のプレイで50％増加";"다음 플레이에 50 %에서 절단 속도 및 강도 증가";"ваш разрез скорость и прочность возрастает в 50% в вашем следующей игре";"La fuerza y velocidad de tus cortes aumenta en 50% en tu próximo juego";"A força e a velocidade dos seus corte aumentam em 50% no seu próximo jogo";"Vos coupées augmentations de vitesse et la force de 50% de votre prochain jeu";"Ihre Schnittgeschwindigkeit und Stärke steigt bei 50% in Ihrem nächsten Spiel";"La velocità e la forza di taglio aumenti del 50% nel prossimo gioco"
Your habilities cooldown decreases in 25% in your next play,"Your abilities cooldown decreases in 25% in your next play";"あなたのhabilitiesのクールダウンは、あなたの次のプレイで25％減少";"당신의 habilities의 재사용 대기 시간이 당신의 다음 경기에 25 % 감소";"Ваш habilities перезарядки уменьшается в 25% в следующей игре";"El enfriamiento de tus habilidades disminuye en un 25% en tu próximo juego";"O esfriamento de suas habilidades diminui em 25% no seu próximo jogo";"Votre habilities temps de recharge réduit à 25% de votre prochain jeu";"Ihre habilities Abklingzeit sinkt in 25% in Ihrem nächsten Spiel";"Il tuo habilities cooldown diminuisce nel 25% nel prossimo gioco"
Locked,"Locked";"ロックされた";"고정";"запертый";"Bloqueado";"Trancado";"Fermé";"Verschlossen";"Bloccato"
Unlock him!,"Unlock him!";"彼のロックを解除！";"그 잠금을 해제!";"разблокировать его!";"Desbloquéalo!";"Destravá-lo";"Débloquez lui!";"Entsperren Sie ihn!";"Lo sblocco!"
Unlock her!,"Unlock her!";"彼女のロックを解除！";"그녀의 잠금을 해제!";"разблокировать ее!";"Desbloquéala!";"Desbloqueá-lo";"Débloquez elle!";"Entsperren Sie sie!";"Sbloccare il suo!"
A vertical slice,"A vertical slice";"垂直スライス";"수직 조각";"вертикальный срез";"Corte vertical";"Corte vertical";"Une tranche verticale";"Eine vertikale Scheibe";"Una fetta verticale"
Slows down a client,"Slows down a client";"クライアントが遅くなります";"클라이언트 속도가 느려집니다";"замедляет клиента";"Relentiza a un cliente";"Retarda um cliente";"Ralentit un client";"Verlangsamt einem Client";"Rallenta un cliente"
A horizontal slice,"A horizontal slice";"水平スライス";"수평 슬라이스";"горизонтальный срез";"Corte horizontal";"Corte horizontal";"Une tranche horizontale";"Ein horizontaler Schnitt";"Una fetta orizzontale"
Automatic speed cuts,"Automatic speed cuts";"自動速度カット";"자동 속도 인하";"автоматическое сокращение скорости";"Autom. cortes rápidos";"Cortes com velocidade automática";"Réductions de vitesse automatiques";"Automatische Geschwindigkeitsabbau";"Tagli di velocità automatici"
Increase the power cuts,"Increase the power cuts";"停電を増やす";"정전을 증가";"увеличить отключения электроэнергии";"Más fuerza en los cortes";"Aumentar a força dos cortes";"Augmenter les coupures d'électricité";"Erhöhen Sie die Stromausfälle";"Aumentare i tagli di potenza"
Make hair totally still,"Make hair totally still";"完全にまだ髪を作る";"완전히 여전히 머리를 만들";"сделать волосы полностью еще";"Paraliza el pelo";"Deixa o cabelo totalmente parado";"Rendre les cheveux totalement immobile";"Machen Haare total noch";"Rendere i capelli totalmente ancora"
To next level!,"To next level!";"次のレベルへ！";"다음 단계로!";"на следующий уровень!";"Al siguiente nivel!";"Para o próximo nível!";"Au niveau suivant!";"Zum nächsten Level!";"Per livello successivo!"
Level 1: Increase in 1%,"Level 1: Increase in 1%";"レベル1：1％の増加";"레벨 1 : 1 % 증가";"Уровень 1: увеличение на 1%";"Nivel 1: Incremento de 1%";"Nível 1: Aumenta em 1%";"Niveau 1: Augmentation de 1%";"Level 1: Erhöhung der 1%";"Livello 1: Aumento 1%"
Level 2: Increase in 2%,"Level 2: Increase in 2%";"レベル2：2％の増加";"레벨 2 : 2 % 증가";"Уровень 2: увеличение в 2%";"Nivel 2: Incremento de 2%";"Nível 2: Aumento de 2%";"Niveau 2: Augmentation de 2%";"Stufe 2: Erhöhung von 2%";"Livello 2: Aumento 2%"
Level 3: Increase in 4%,"Level 3: Increase in 4%";"レベル3：4％の増加";"레벨 3 : 4 % 증가";"Уровень 3: увеличение в 4%";"Nivel 3: Incremento de 4%";"Nível 3: Aumento de 4%";"Niveau 3: Augmentation de 4%";"Level 3: Erhöhung der 4%";"Livello 3: Aumento 4%"
Level 4: Increase in 6%,"Level 4: Increase in 6%";"レベル4：6％の増加";"레벨 4 : 6 % 증가";"Уровень 4: увеличение на 6%";"Nivel 4: Incremento de 6%";"Nível 4: Aumento de 6%";"Niveau 4: Augmentation de 6%";"Stufe 4: Zunahme um 6%";"Livello 4: Aumento 6%"
Level 5: Increase in 10%,"Level 5: Increase in 10%";"レベル5：10パーセントの増加";"레벨 5 : 10 % 증가";"Уровень 5: рост в 10%";"Nivel 5: Incremento de 10%";"Nível 5: Aumento de 10%";"Niveau 5: Augmentation de 10%";"Level 5: Erhöhung der 10%";"Livello 5: Aumento del 10%"
Increase the chance to get golden coins,"Increase the chance to get golden coins";"黄金のコインを得るチャンスを増やす";"황금 동전을 얻을 수있는 기회를 증가";"увеличить шанс получить золотые монеты";"Incrementa la probabilidad de obtener oro";"Aumenta a chance de obter moedas de ouro";"Augmenter la chance d'obtenir des pièces d'or";"Erhöhen Sie die Chance, Goldmünzen erhalten";"Aumentare la possibilità di ottenere monete d'oro"
Level 1: Increase in 4%,"Level 1: Increase in 4%";"レベル1：4％の増加";"레벨 1 : 4 % 증가";"Уровень 1: увеличение на 4%";"Nivel 1: Incremento de 4%";"Nível 1: Aumento de 4%";"Niveau 1: Augmentation de 4%";"Level 1: Zunahme um 4%";"Livello 1: Aumento 4%"
Level 2: Increase in 8%,"Level 2: Increase in 8%";"レベル2：8％の増加";"레벨 2 : 8 % 증가";"Уровень 2: увеличение на 8%";"Nivel 2: Incremento de 8%";"Nível 2: Aumenta em 8%";"Niveau 2: Augmentation de 8%";"Stufe 2: Zunahme um 8%";"Livello 2: Aumento 8%"
Level 3: Increase in 12%,"Level 3: Increase in 12%";"レベル3：12パーセントの増加";"레벨 3 : 12 % 증가";"Уровень 3: увеличение на 12%";"Nivel 3: Incremento de 12%";"Nível 3: Aumenta em 12%";"Niveau 3: Augmentation de 12%";"Stufe 3: Erhöhung um 12%";"Livello 3: Aumento 12%"
Level 4: Increase in 16%,"Level 4: Increase in 16%";"レベル4：16％の増加";"레벨 4 : 16 % 증가";"Уровень 4: увеличение на 16%";"Nivel 4: Incremento de 16%";"Nível 4: Aumento de 16%";"Niveau 4: Augmentation de 16%";"Stufe 4: Zunahme um 16%";"Livello 4: Aumento 16%"
Level 5: Increase in 20%,"Level 5: Increase in 20%";"レベル5：20パーセントの増加";"레벨 5 : 20 % 증가";"Уровень 5: рост в 20%";"Nivel 5: Incremento de 20%";"Nível 5: Aumento de 20%";"Niveau 5: Augmentation de 20%";"Level 5: Erhöhung der 20%";"Livello 5: Aumento del 20%"
Increase the speed of your scissors,"Increase the speed of your scissors";"あなたのはさみの速度を向上させる";"가위의 속도를 증가";"увеличить скорость ножницами";"Incrementa la velocidad de tus tijeras";"Aumente a velocidade de sua tesoura";"Augmenter la vitesse de vos ciseaux";"Erhöhen Sie die Geschwindigkeit Ihrer Schere";"Aumentare la velocità delle forbici"
Level 1: Increase in 5%,"Level 1: Increase in 5%";"レベル1：5％の増加";"레벨 1 : 5 % 증가";"Уровень 1: Увеличение на 5%";"Nivel 1: Incremento de 5%";"Nível 1: Aumenta em 5%";"Niveau 1: Augmentation de 5%";"Level 1: Zunahme der 5%";"Livello 1: Aumento 5%"
Level 2: Increase in 10%,"Level 2: Increase in 10%";"レベル2：10パーセントの増加";"레벨 2 : 10 % 증가";"Уровень 2: увеличение в 10%";"Nivel 2: Incremento de 10%";"Nível 2: Aumenta em 10%";"Niveau 2: Augmentation de 10%";"Stufe 2: Zunahme von 10%";"Livello 2: Aumento del 10%"
Level 3: Increase in 15%,"Level 3: Increase in 15%";"レベル3：15パーセントの増加";"레벨 3 : 15 % 증가";"Уровень 3: увеличение на 15%";"Nivel 3: Incremento de 15%";"Nível 3: Aumenta em 15%";"Niveau 3: Augmentation de 15%";"Level 3: Erhöhung der 15%";"Livello 3: Aumento del 15%"
Level 4: Increase in 20%,"Level 4: Increase in 20%";"レベル4：20パーセントの増加";"레벨 4 : 20 % 증가";"Уровень 4: увеличение на 20%";"Nivel 4: Incremento de 20%";"Nível 4: Aumento de 20%";"Niveau 4: Augmentation de 20%";"Stufe 4: Erhöhung der 20%";"Livello 4: Aumento del 20%"
Level 5: Increase in 25%,"Level 5: Increase in 25%";"レベル5：25％の増加";"레벨 5 : 25 % 증가";"Уровень 5: рост в 25%";"Nivel 5: Incremento de 25%";"Nível 5: Aumento de 25%";"Niveau 5: Augmentation de 25%";"Level 5: Erhöhung der 25%";"Livello 5: Aumento del 25%"
Increase the strength of your scissors,"Increase the strength of your scissors";"あなたのはさみの強度を増加させる";"가위의 강도를 높이기";"увеличить силу ваших ножниц";"Incrementa la fuerza de tus tijeras";"Aumentar a força de sua tesoura";"Augmenter la force de vos ciseaux";"Erhöhen Sie die Stärke Ihrer Schere";"Aumentare la forza delle vostre forbici"
Level 1: Increase time in 12%,"Level 1: Increase time in 12%";"レベル1：12％の時間を増加させる";"레벨 1 : 12 %의 시간을 증가";"Уровень 1: увеличивает время в 12%";"Nivel 1: Incremento de 12%";"Nível 1: Aumentar o tempo em 12%";"Niveau 1: Augmenter le temps dans 12%";"Level 1: Erhöhen Sie die Zeit im 12%";"Livello 1: Aumentare il tempo a 12%"
Level 2: Increase time in 24%,"Level 2: Increase time in 24%";"レベル2：24％の時間を増加させる";"레벨 2 : 24 %의 시간을 증가";"Уровень 2: увеличить время в 24%";"Nivel 2: Incremento de 24%";"Nível 2: Aumentar o tempo em 24%";"Niveau 2: Augmenter le temps dans 24%";"Stufe 2: Erhöhen Sie Zeit in der 24%";"Livello 2: Aumentare il tempo a 24%"
Level 3: Increase time in 36%,"Level 3: Increase time in 36%";"レベル3：36％の時間を増加させる";"레벨 3 : 36 %의 시간을 증가";"Уровень 3: увеличить время в 36%";"Nivel 3: Incremento de 36%";"Nível 3: Aumentar o tempo em 36%";"Niveau 3: Augmenter le temps dans 36%";"Level 3: Erhöhen Sie Zeit in 36%";"Livello 3: Aumentare il tempo a 36%"
Level 4: Increase time in 48%,"Level 4: Increase time in 48%";"レベル4：48％の時間を増加させる";"레벨 4 : 48 %의 시간을 증가";"Уровень 4: увеличивает время в 48%";"Nivel 4: Incremento de 48%";"Nível 4: Aumentar o tempo em 48%";"Niveau 4: Augmenter le temps dans 48%";"Stufe 4: Erhöhen Sie Zeit in 48%";"Livello 4: Aumentare il tempo a 48%"
Level 5: Increase time in 60%,"Level 5: Increase time in 60%";"レベル5：60％の時間を増加させる";"레벨 5 : 60 %의 시간을 증가";"Уровень 5: увеличить время в 60%";"Nivel 5: Incremento de 60%";"Nível 5: Aumentar o tempo em 60%";"Niveau 5: Augmenter le temps dans 60%";"Level 5: Erhöhen Sie Zeit in 60%";"Livello 5: Aumentare il tempo nel 60%"
Increase the time to make a new client appear.,"Increase the time to make a new client appear.";"新しいクライアントが表示されるように時間を増加させる。";"새로운 클라이언트가 나타나도록 시간을 증가시킨다.";"увеличить время, чтобы сделать новый клиент появится.";"Incrementa el tiempo para que un nuevo cliente aparezca";"Aumente o tempo para fazer um novo cliente aparecer.";"Augmenter le temps de faire un nouveau client apparaît.";"Erhöhen Sie die Zeit, um eine neue Client angezeigt.";"Aumentare il tempo per far apparire un nuovo cliente."
Level 1: Decrease time in 7%,"Level 1: Decrease time in 7%";"レベル1：7％の時間を減少させる";"레벨 1 : 7 %에서 시간을 감소";"Уровень 1: сократить время в 7%";"Nivel 1: Disminuye en 7%";"Nível 1: Diminuir o tempo em 7%";"Niveau 1: Réduire le temps de 7%";"Level 1: Verringern der Zeit in 7%";"Livello 1: diminuire il tempo nel 7%"
Level 2: Decrease time in 14%,"Level 2: Decrease time in 14%";"レベル2：14％の時間を減少させる";"레벨 2 : 14 %에서 시간을 감소";"Уровень 2: сократить время в 14%";"Nivel 2: Disminuye en 14%";"Nível 2: Diminuir o tempo em 14%";"Niveau 2: Réduire le temps dans 14%";"Stufe 2: Verringern Sie Zeit in 14%";"Livello 2: Diminuire il tempo nel 14%"
Level 3: Decrease time in 21%,"Level 3: Decrease time in 21%";"レベル3：21％の時間を減少させる";"레벨 3 : 21 %에서 시간을 감소";"Уровень 3: уменьшение времени в 21%";"Nivel 3: Disminuye en 21%";"Nível 3: Diminuir o tempo em 21%";"Niveau 3: Réduire le temps dans 21%";"Level 3: Verringern Sie Zeit in 21%";"Livello 3: Diminuisce il tempo a 21%"
Level 4: Decrease time in 28%,"Level 4: Decrease time in 28%";"レベル4：28％の時間を減少させる";"레벨 4 : 28 %에서 시간을 감소";"Уровень 4: сократить время в 28%";"Nivel 4: Disminuye en 28%";"Nível 4: Diminuir o tempo em 28%";"Niveau 4: Réduire le temps dans 28%";"Stufe 4: Verringern Sie Zeit bei 28%";"Livello 4: Diminuire il tempo a 28%"
Level 5: Decrease time in 35%,"Level 5: Decrease time in 35%";"レベル5：35％の時間を減少させる";"레벨 5 : 35 %에서 시간을 감소";"Уровень 5: сократить время в 35%";"Nivel 5: Disminuye en 35%";"Nível 5: Diminuir o tempo em 35%";"Niveau 5: Réduire le temps dans 35%";"Level 5: Verringern Sie Zeit in 35%";"Livello 5: Ridurre il tempo nel 35%"
Decrease the cooldown time for the hability 1,"Decrease the cooldown time for the ability 1";"hability 1のためのクールダウン時間を短縮";"hability 1 재사용 대기 시간을 감소";"уменьшить время перезарядки для хабилитат 1";"Disminuye el enfriamiento de la habilidad 1";"Diminuir o tempo de espera para a habilidade 1";"Réduire le temps de recharge pour la hability 1";"Verringern Sie die Abklingzeit für die hability 1";"Diminuire il tempo di ricarica per la hability 1"
Decrease the cooldown time for the hability 2,"Decrease the cooldown time for the ability 2";"hability 2のためのクールダウン時間を短縮";"hability 2 재사용 대기 시간을 감소";"уменьшить время перезарядки для хабилитат 2";"Disminuye el enfriamiento de la habilidad 2";"Diminuir o tempo de espera para a habilidade 2";"Réduire le temps de recharge pour la hability 2";"Verringern Sie die Abklingzeit für die hability 2";"Diminuire il tempo di ricarica per la hability 2"
Open Panel,"Open Panel";"オープンパネル";"열린 패널";"Откройте панель";"Abrir Panel";"Abrir painel";"Ouvrez le Panneau de";"Offenes Forum";"Aprire il Pannello"
Chess Floor,"Chess Floor";"チェスの床";"체스 바닥";"шахматы этаж";"Piso Ajedrez";"Piso xadrez";"Echecs étage";"Schach Boden";"Chess Floor"
Extravaganza Floor,"Extravaganza Floor";"祭典の床";"화려한 바닥";"феерия этаж";"Piso Extravaganza";"Piso extravagante";"Extravaganza étage";"Extravaganza Boden";"Extravaganza Floor"
Light Chess Floor,"Light Chess Floor";"光チェス階";"빛 체스 바닥";"свет шахматы этаж";"Piso Ajedrez Ligera";"Piso xadrez suave";"Lumière Echecs étage";"Licht Schach Boden";"Luce Chess Floor"
Golden Floor,"Golden Floor";"黄金の床";"황금 바닥";"золотой пол";"Piso Dorado";"Piso dourado";"Or étage";"Goldener Boden";"Oro Floor"
Fancy Floor,"Fancy Floor";"派手な床";"공상 바닥";"фантазии этаж";"Piso Elegante";"Piso elegante";"Plancher Fantaisie";"Fancy Boden";"Piano Fancy"
Light Bats Floor,"Light Bats Floor";"光コウモリの床";"빛 박쥐 바닥";"легкие летучие мыши этаж";"Piso Murciélagos";"Piso morcegos";"Bats lumière étage";"Licht Bats Boden";"Bats Illuminazione a pavimento"
Active,"Active";"アクティブ";"활동적인";"активный";"Activar";"Ativar";"Actif";"Aktiv";"Attivo"
Save 25%,"Save 25%";"25パーセントを保存";"25 %를 저장";"сохранить 25%";"Ahorra 25%";"Economize 25%";"Économisez 25%";"Sparen Sie 25%";"Risparmia il 25%"
Save 50%,"Save 50%";"50パーセントを保存";"50 %를 저장";"сохранить 50%";"Ahorra 50%";"Economize 50%";"Économisez 50%";"Sparen Sie 50%";"Risparmia il 50%"
Save 100%,"Save 100%";"100パーセントを保存";"100 %를 저장";"сохранить 100%";"Ahorra 100%";"Economize 100%";"Économisez 100%";"Sparen Sie 100%";"Risparmia 100%"
Save 150%,"Save 150%";"150％を保存";"150 %를 저장";"сохранить 150%";"Ahorra 150%";"Economize 150%";"Économisez 150%";"Sparen Sie 150%";"Risparmia 150%"
I'm playing MonsterCut,"I'm playing MonsterCut";"私はmonstercutをプレイしています";"내가 monstercut 연주 해요";"я играю monstercut";"Estoy jugando MonsterCut";"Estou jogando MonsterCut";"Je joue MonsterCut";"Ich spiele MonsterCut";"Sto giocando MonsterCut"
"We're the new barbershop in MonsterCity and everybody wants a haircut. Luckily, we have a team of barbers who specialize in cutting monster hair!";"We're the new barbershop in MonsterCity and everybody wants a haircut. Luckily, we have a team of barbers who specialize in cutting monster hair!";"我々はmonstercityの新しい理髪店だと誰もがヘアカットを望んでいる。幸いにも、我々はモンスター髪をカットに特化床屋のチームを持っている！";"우리는 monstercity의 새로운 이발소이고 모든 사람들이 헤어 스타일을 원한다. 다행히도, 우리는 괴물의 머리를 절단 전문 이발사의 팀을 보유하고!";"мы новый парикмахерская в monstercity и каждый хочет постричься. К счастью, у нас есть команда парикмахеров, которые специализируются в сокращении монстра волосы!";"Somos la nueva peluquería en MonsterCity y todos quieren un corte. Por suerte tenemos un equipo especializado en pelo de monstruo!";"Nós somos a nova barbearia em MonsterCity e todo mundo quer um corte de cabelo. Felizmente, temos uma equipe de barbeiros que se especializam no corte de cabelo monstro!";"Nous sommes le nouveau salon de coiffure dans MonsterCity et tout le monde veut une coupe de cheveux. Heureusement, nous avons une équipe de coiffeurs qui se spécialisent dans la coupe de cheveux de monstre!";"Wir sind die neue Barbershop in MonsterCity und jeder will einen neuen Haarschnitt. Zum Glück haben wir ein Team von Friseuren, die beim Schneiden Monster Haar spezialisiert!";"Siamo il nuovo barbiere in MonsterCity e tutti vogliono un taglio di capelli. Per fortuna, abbiamo una squadra di barbieri specializzati nel taglio di capelli mostro!"
- Visit your friends -,"- Visit your friends -";" - あなたの友人を訪問 - ";"- 친구를 방문 -";"- Ходи к друзьям -";"- Visita a tus amigos -";"- Visite seus amigos -";"- Visitez vos amis -";"- Besuchen Sie Ihre Freunde -";"- Visita i tuoi amici -"
(no friends),"(no friends)";"（友人ません）";"(친구도 없음)";"(нет друзей)";"(no hay amigos)";"(não tem amigos)";"(pas d'amis)";"(Keine Freunde)";"(amici)"
Select The City,"Select The City";"都市を選択";"도시를 선택";"выберите город";"Selecciona la Ciudad";"Selecione a cidade";"Sélectionnez la ville";"Wählen Sie die Stadt";"Seleziona la città"
Coming Soon,"Coming Soon";"近日公開";"곧";"скоро";"Pronto...";"Em Breve";"À Venir";"Coming Soon";"Prossimamente"
Select City,"Select City";"都市を選択";"도시를 선택하세요";"выберите город";"Seleccionar Ciudad";"Selecionar cidade";"Choisir une ville";"Wählen Sie eine Stadt";"Seleziona città"
Change,"Change";"変更";"변화";"изменение";"Cambiar";"Mudar";"Changement";"Sich Ändern";"Cambiamento"
Barber,"Barber";"床屋";"이발사";"парикмахер";"Peluquero";"Barbeiro";"Coiffeur";"Friseur";"Barbiere"
Map,"Map";"マップ";"지도";"карта";"Mapa";"Mapa";"Carte";"Karte";"Mappa"
Go to,"Go to";"に行く";"로 이동";"перейти к";"Ir al";"Ir a";"Allez à";"Zum";"Vai a"
CONGRATULATIONS!,"CONGRATULATIONS!";"おめでとう！";"축하합니다!";"Поздравляем!";"FELICITACIONES!";"PARABÉNS!";"FÉLICITATIONS!";"HERZLICHEN GLÜCKWUNSCH!";"COMPLIMENTI!"
AMAZING OFFER!,"AMAZING OFFER!";"驚くべき申し出！";"놀라운 제안!";"удивительное предложение!";"OFERTA INCREÍBLE";"OFERTA INCRÍVEL!";"OFFRE INCROYABLE!";"Einmalige Angebot!";"OFFERTA INCREDIBILE!"
Buy Now!,"Buy Now!";"今すぐ購入！";"지금 구입하세요!";"купить сейчас!";"Compra Ahora!";"Comprar Agora!";"Acheter Maintenant!";"Jetzt Kaufen!";"Acquista Ora!"
"No, thanks";"No, thanks";"結構です";"아니, 감사합니다";"нет, спасибо";"No, gracias";"Não, obrigado";"Non merci";"Nein danke";"No grazie"
Check items at,"Check items at";"で項目を確認してください";"에서 항목을 확인";"проверить детали на";"Ver items en";"Verifique itens em";"Cochez les articles à";"Wählen Sie die Artikel an";"Controllare articoli a"
Only for limited time,"Only for limited time";"限られた時間だけ";"제한된 시간";"только для ограниченного периода времени";"Sólo por tiempo limitado";"Só por tempo limitado";"Seulement pour un temps limité";"Nur für begrenzte Zeit";"Solo per un tempo limitato"
Tutorial Passed!,"Tutorial Passed!";"チュートリアルでは、渡された！";"튜토리얼은 통과!";"учебник прошло!";"Tutorial Pasado!";"Tutorial passado!";"Tutorial Passé!";"Tutorial Bestanden!";"Tutorial Passato!"
Upgrade Vertical Cut,"Upgrade Vertical Cut";"垂直カットをアップグレード";"업그레이드 수직 절단";"обновление вертикального разреза";"Mejora el Corte Vertical";"Atualize Corte Vertical";"Améliorez Cut Vertical";"Aktualisieren Vertical Cut";"Aggiornamento Vertical Cut"
Upgrade Blizzard,"Upgrade Blizzard";"猛吹雪のアップグレード";"업그레이드 눈보라";"метель обновления";"Mejora la Tormenta";"Atualização Tormenta";"Améliorez Blizzard";"Aktualisieren Blizzard";"Aggiornamento Blizzard"
Increase the effectiveness for the ability 1,"Increase the effectiveness for the ability 1";"能力1のための有効性を高める";"능력 1 효과를 증대";"повысить эффективность за способность 1";"Mejora la efectividad de la habilidad 1";"Aumenta a eficácia da capacidade de 1";"Accroître l'efficacité de la capacité 1";"Steigern Sie die Effizienz für die Fähigkeit 1";"Aumentare l'efficacia per la capacità di 1"
Increase the effectiveness for the ability 2,"Increase the effectiveness for the ability 2";"能力2のための有効性を高める";"능력 2 효과를 증대";"повысить эффективность за способность 2";"Mejora la efectividad de la habilidad 2";"Aumenta a eficácia da capacidade de 2";"Accroître l'efficacité de la capacité 2";"Steigern Sie die Effizienz für die Fähigkeit 2";"Aumentare l'efficacia per la capacità di 2"
Decrease Cooldown 1,"Decrease Cooldown 1";"減少のクールダウン1";"감소 재사용 대기 시간 1";"снижение перезарядки 1";"Disminuye Enfriamiento 1";"Diminuir esfriamento 1";"Diminuer Cooldown 1";"Verkleinern Abklingzeit 1";"Diminuire Cooldown 1"
Decrease Cooldown 2,"Decrease Cooldown 2";"減少のクールダウン2";"감소 재사용 대기 시간 2";"снижение перезарядки 2";"Disminuye Enfriamiento 2";"Diminuir esfriamento 2";"Diminuer Cooldown 2";"Verkleinern Abklingzeit 2";"Diminuire Cooldown 2"
Get faster scissors,"Get faster scissors";"速いはさみを取得";"빠른 가위를 얻을 수";"получить быстрые ножницы";"Tijeras más rápidas";"Obter tesoura mais rápidas";"Obtenez des ciseaux rapides";"Holen Sie sich schneller Schere";"Get forbici più veloci"
Get more clients,"Get more clients";"より多くのクライアントを取得する";"더 많은 고객을 얻을";"получить больше клиентов";"Obtén más clientes";"Obtenha mais clientes";"Obtenez plus de clients";"Um mehr Kunden";"Chiedere i clienti"
Scissors strength,"Scissors strength";"はさみの強さ";"가위 강도";"Сила ножницы";"Fuerza tijeras";"Força das tesouras";"Ciseaux force";"Scheren Stärke";"Forbici forza"
Get more gold coins,"Get more gold coins";"より多くの金貨を得る";"더 많은 금화를 얻을 수";"получить больше золотых монет";"Consigue más oro";"Obtenha mais moedas de ouro";"Obtenez plus de pièces d'or";"Bekommen Sie mehr Goldmünzen";"Chiedere monete d'oro"
Congratulations!,"Congratulations!";"おめでとう！";"축하합니다!";"Поздравляем!";"Felicitaciones!";"Parabéns!";"Félicitations!";"Herzlichen Glückwunsch!";"Congratulazioni!"
You had acquired:,"You had acquired:";"あなたが取得しています：";"당신은 취득했다 :";"Вы приобрели:";"Has adquirido:";"Você adquiriu:";"Vous aviez acquis:";"Sie hatte erworben:";"Lei aveva acquisito:"
Activate it at the Customize Barbershop section,"Activate it at the Customize Barbershop section";"カスタマイズ理髪店のセクションでそれをアクティブにする";"커스터마이즈 이발소 섹션을 활성화";"активировать его в парикмахерской секции Настройка";"Actívalo en la sección Personalizar Peluquería";"Ativá-lo na seção Personalizar Barbearia";"Activer à la section Personnaliser Barbershop";"Aktivieren Sie es an der Anpassen Barber Abschnitt";"Attivarlo nella sezione Personalizza Barbershop"
Temporary Super Speed,"Temporary Super Speed";"一時的なスーパースピード";"임시 최고 속도";"временное супер скорость";"Super velocidad temporal";"Super velocidade temporária";"Temporaire Super Speed";"Temporäre Super Speed";"Temporary Velocità Super"
Temporary Cooldown Decrease,"Temporary Cooldown Decrease";"一時的なクールダウン減少";"임시 재사용 대기 시간 감소";"временное перезарядки снижение";"Decremento temporal de enfriamiento";"Diminuir esfriamento temporariamente";"Diminution de recharge temporaire";"Temporäre Abklingzeit verkleinern";"Temporary Diminuzione Cooldown"
Extra life,"Extra life";"余分な生活";"여분의 삶";"дополнительную жизнь";"Vida extra";"Vida extra";"Vie supplémentaire";"Extraleben";"Vita Extra"
"Hello, my name is [99FF66]Ron[-]. I'm the head barber in your barbershop.";"Hello, my name is [99FF66]Ron[-]. I'm the head barber in your barbershop.";"こんにちは、私の名前はロンです。私はあなたの理髪店で頭床屋だ。";"안녕하세요, 제 이름은  론 나는 당신의 이발소에서 머리 이발사 해요.";"привет, меня зовут  Рон Я глава парикмахер в парикмахерскую.";"Hola, mi nombre es [99FF66]Ron[-]. Soy el peluquero principal en tu peluquería.";"Olá, meu nome é [99FF66] Ron [-]. Eu sou o barbeiro chefe na sua barbearia.";"Bonjour, mon nom est [99FF66] Ron [-]. Je suis le barbier de la tête dans votre salon de coiffure.";"Hallo, mein Name ist [99FF66] Ron [-]. Ich bin der Kopf Friseur in Ihrem Friseursalon.";"Ciao, il mio nome è [99FF66] Ron [-]. Sono il barbiere testa nel vostro barbiere."
Allow me to give you a tour in the [99FF66]MonsterCut[-] universe.,"Allow me to give you a tour in the [99FF66]MonsterCut[-] universe.";"宇宙私はあなたに MonsterCutのツアーを与えることを可能にする。";"주를 날  MonsterCut의 당신에게 여행을 제공 할 수 있습니다.";"позвольте мне дать вам тур в  monstercut селенную.";"Permíteme guiarte en el universo [99FF66]MonsterCut[-].";"Permita-me dar-lhe uma visita no [99FF66] MonsterCut [-] universo.";"Permettez-moi de vous donner un tour dans la [99FF66] MonsterCut [-] univers.";"Lassen Sie mich Ihnen eine Tour geben, in der [99FF66] MonsterCut [-] Universums.";"Permettetemi di darvi un tour nel [99FF66] MonsterCut [-] universo."
"First of all, to continue, [99FF66]press the QUICK PLAY button.[-]";"First of all, to continue, [99FF66]press the QUICK PLAY button.[-]";"まず、継続して、クイック再生ボタンを押してください。";"우선, 계속,  빠른 재생 버튼을 누릅니다. ";"в первую очередь, продолжать,  нажмите кнопку быстрого воспроизведения. ";"En primer lugar, [99FF66]presiona el botón JUEGO RÁPIDO[-] para continuar.";"Em primeiro lugar, para continuar, [99FF66], pressione o botão Quick Play. [-]";"Tout d'abord, pour continuer, [99FF66] appuyez sur le bouton PLAY QUICK. [-]";"Zunächst einmal, um fortzufahren, [99FF66] drücken Sie die QUICK PLAY-Taste. [-]";"Prima di tutto, per continuare, [99FF66] premere il tasto Quick Play. [-]"
Here's the barber selection screen. You can [99FF66]swipe[-] to check the other barbers.,"Here's the barber selection screen. You can [99FF66]swipe[-] to check the other barbers.";"ここでは床屋の選択画面です。 他の床屋をチェックするには、スワイプすることができます。";"여기 이발사 선택 화면입니다. 당신은  슬쩍 수 른 이발사을 확인합니다.";"вот экран выбора парикмахер. Вы можете  салфетки чтобы проверить другие парикмахеры.";"Esta es la pantalla de selección de peluquero. Haz [99FF66]swipe[-] para ver otros.";"Aqui está a tela de seleção de barbeiro. Você pode [99FF66] furto [-] para verificar os outros barbeiros.";"Voici l'écran de sélection de barbier. Vous pouvez [99FF66] glisser [-] pour vérifier les autres barbiers.";"Hier ist der Barbier-Auswahlbildschirm. Sie können [99FF66] swipe [-], um die anderen Friseuren zu überprüfen.";"Ecco la schermata di selezione barbiere. È possibile [99FF66] colpo [-] per controllare gli altri barbieri."
"Each barber has strength, speed and [99FF66]unique powers[-]. But at first, only one is unlocked.";"Each barber has strength, speed and [99FF66]unique powers[-]. But at first, only one is unlocked.";"各床屋は強さ、スピード、ユニークな権限を有する。しかし最初は、一つだけのロックが解除されます。";"각각의 이발사 강도, 속도,  독특한 능력을 가지고 하지만 처음에, 단 하나의 잠금이 해제됩니다.";"каждый парикмахер имеет силу, скорость и  уникальные способности но во-первых, только один разблокирована.";"Cada peluquero tiene fuerza, velocidad y [99FF66]poderes únicos[-]. Pero al principio, sólo uno está disponible.";"Cada barbeiro tem força, velocidade e [99FF66] poderes únicos [-]. Mas em primeiro lugar, apenas um é desbloqueado.";"Chaque coiffeur a la force, la vitesse et [99FF66] pouvoirs uniques [-]. Mais dans un premier temps, une seule est déverrouillé.";"Jeder Friseur hat Kraft, Schnelligkeit und [99FF66] einzigartige Kräfte [-]. Aber zunächst nur eine ist entsperrt.";"Ogni barbiere ha la forza, la velocità e la [99FF66] poteri unici [-]. Ma all'inizio, solo uno è sbloccato."
Go back to the first one and [99FF66]hire Jesse[-] by pressing the HIRE! button.,"Go back to the first one and [99FF66]hire Jesse[-] by pressing the HIRE! button.";"戻って最初の1に戻り、ジェシーを雇う - レンタルを押して！ボタン。";"첫 번째로 돌아가서  제씨의 고용 [을 -] 고용을 눌러! 버튼을 누릅니다.";"вернуться к первому и  нанять Джесси нажав на прокат! Кнопка.";"Vuelve al primero y contrata a Jesse presionando el botón CONTRATAR.";"Volte para o primeiro e [99FF66] contratar Jesse [-] pressionando o botão CONTRATAR.";"Retour à la première et [99FF66] embaucher Jesse [-] en appuyant sur la LOCATION! bouton.";"Gehen Sie zurück zu dem ersten und [99FF66] mieten Jesse [-] durch Drücken der HIRE! Taste.";"Tornate al primo e [99FF66] assumere Jesse [-] premendo il noleggio! Pulsante."
This is part of the [99FF66]History mode[-]. You can [99FF66]challenge[-] other barbershops in this city to unlock prizes.,"This is part of the [99FF66]History mode[-]. You can [99FF66]challenge[-] other barbershops in this city to unlock prizes.";"これは履歴モードの一部です。あなたは挑戦することができますこの都市の他の理髪店は、賞品のロックを解除します。";"이  이력 모드의 일부이다. 당신은  도전 할 수 이 도시의 다른 미용실은 상품을 잠금을 해제합니다.";"это часть  Режим истории Вы можете  вызов  Другие парикмахерские в этом городе, чтобы разблокировать призы.";"Esto pertenece al [99FF66]Modo Historia[-]. [99FF66]Reta[-] a otras peluquerías en la ciudad para desbloquear premios.";"Isso faz parte do modo [99FF66] Histórico [-]. Você pode [99FF66] desafiar [-] outros barbeiros nesta cidade, para desbloquear prêmios.";"Cela fait partie de la mode [99FF66] Histoire [-]. Vous pouvez [99FF66] Challenge [-] d'autres salons de coiffure dans cette ville pour déverrouiller prix.";"Dies ist Teil des [99FF66] Geschichte-Modus [-]. Sie können [99FF66] Herausforderung [-] andere Friseur in dieser Stadt, um Preise zu entsperren.";"Questo fa parte del modo [99FF66] Storia [-]. È possibile [99FF66] Sfida [-] altri parrucchiere in questa città per sbloccare premi."
Tap the [99FF66]red icon[-].,"Tap the [99FF66]red icon[-].";"赤のアイコンをタップします。";" 빨간색 아이콘 탭 을.";"Нажмите кнопку  красный значок ";"Toca el [99FF66]icono rojo[-].";"Toque no [99FF66] ícone vermelho [-].";"Appuyez sur le [99FF66] icône rouge [-].";"Tippen Sie auf die [99FF66] rotes Symbol [-].";"Toccare il [99FF66] icona rossa [-]."
"To win this challenge, you have to get 1000 points in one hour. You have 5 chances in this one.";"To win this challenge, you have to get 1000 points in one hour. You have 5 chances in this one.";"この挑戦に勝つために、あなたは1時間で1000ポイントを取得する必要があります。あなたはこの1つで5チャンスを持っている。";"이 도전을 이기기 위해, 당신은 한 시간 안에 1,000 포인트를 얻을 수있다. 이 하나에 5 기회를 가지고있다.";"чтобы выиграть этот вызов, вы должны получить 1000 очков в течение одного часа. у вас есть 5 шансы в этом.";"Para ganar tienes que lograr 1000 puntos en una hora. Tienes 5 oportunidades para lograrlo.";"Para vencer este desafio, você tem que ter 1000 pontos em uma hora. Você tem 5 chances para conseguir-lo";"Pour gagner ce défi, vous devez obtenir 1000 points en une heure. Vous avez cinq chances de celui-ci.";"Um dieser Herausforderung zu gewinnen, müssen Sie 1000 Punkte in einer Stunde erhalten. Sie haben 5 Chancen in dieser.";"Per vincere questa sfida, dovete ottenere 1000 punti in un'ora. Hai 5 possibilità in questo."
Tap the [99FF66]GO![-] button to accept the challenge.,"Tap the [99FF66]GO![-] button to accept the challenge.";"挑戦を受け入れるために、ボタン！ 行くをタップします。";"도전을 수락 버튼을!   이동을 누릅니다.";"Нажмите кнопку  идти - кнопку, чтобы принять вызов! .";"Toca el botón [99FF66]VAMOS![-] para aceptar el reto.";"Toque no [99FF66] GO [-] botão para aceitar o desafio!.";"Appuyez sur le [99FF66] GO [-] bouton pour accepter le défi!.";"Tippen Sie auf die [99FF66] GO! [-], Um die Herausforderung anzunehmen.";"Toccare il [99FF66] GO [-] pulsante per accettare la sfida!."
The challenge is [99FF66]on![-] Now you can see the time and points left to complete it.,"The challenge is [99FF66]on![-] Now you can see the time and points left to complete it.";"課題は、上のです！今、あなたがそれを完了するために残された時間との点を見ることができます。";"도전에 입니다! 금 당신이 그것을 완료하는 데 남은 시간과 지점을 볼 수 있습니다.";"Задача состоит в том  на теперь вы можете видеть время и точки влево, чтобы завершить его.";"El reto está [99FF66]aceptado![-]. Ahora puedes ver el tiempo y los puntos que quedan para completarlo.";"O desafio é [99FF66] on! [-] Agora você pode ver o tempo e os pontos deixados para completá-lo.";"Le défi est [99FF66] sur! [-] Maintenant, vous pouvez voir le temps et les points de gauche à compléter.";"Die Herausforderung besteht [99FF66] auf! [-] Jetzt können Sie die Zeit und Punkte übrig bleiben, es zu voll sehen.";"La sfida è [99FF66] on! [-] Ora è possibile vedere il tempo e punti a sinistra per completarlo."
Now press the [99FF66]Fight![-] button to start the game and beat the challenge!,"Now press the [99FF66]Fight![-] button to start the game and beat the challenge!";"今戦う押す！ボタンゲームを開始し、チャレンジをクリアしよう！";"이제  싸움을 눌러! 튼을 눌러 게임을 시작하고 도전을 이길 수 있습니다!";"Теперь нажмите  бороться! чтобы начать игру и избили вызов!";"Ahora presiona el botón [99FF66]Pelea![-] para comenzar el juego y completar el reto!";"Agora pressione a tecla [99FF66] Luta! [-] Para iniciar o jogo e vencer o desafio!";"Maintenant, appuyez sur la touche [99FF66] Fight! Bouton [-] pour démarrer le jeu et battre le défi!";"Jetzt drücken Sie die [99FF66] Kampf! [-], Um das Spiel zu starten und schlagen die Herausforderung!";"Ora premete il [99FF66] Combatti! [-] Per iniziare il gioco e battere la sfida!"
Cut [99FF66]all the hair[-] in the monsters before they get fully grown and attack you.,"Cut [99FF66]all the hair[-] in the monsters before they get fully grown and attack you.";"彼らは完全に成長し、あなたを攻撃し始める前に、モンスターにすべての髪をカット。";"잘라  모든 머리는 물에 그들은 완전히 공격 당신을 성장 도착하기 전에.";"сократить  все волосы  монстров, прежде чем они отрастут и атаковать вас.";"Corta [99FF66]todo el pelo[-] de los monstruos antes que crezca por completo y te ataquen.";"Corte [99FF66] todo o cabelo [-] dos monstros antes que eles cresçam totalmente e lhe ataquem";"Couper [99FF66] tous les cheveux [-] dans les monstres avant qu'ils ne deviennent entièrement développé et vous attaquer.";"Cut [99FF66] alle Haare [-] in der Monster, bevor sie ausgewachsen und die dich angreifen zu werden.";"Tagliare [99FF66] tutti i capelli [-] nei mostri prima di ottenere completamente cresciuto e vi attaccheranno."
[99FF66]Tap the screen[-] to cut. And [99FF66]tilt[-] your device to make Jesse circle Medusa's head.,"[99FF66]Tap the screen[-] to cut. And [99FF66]tilt[-] your device to make Jesse circle Medusa's head.";"画面をタップし、をカットする。ジェシーサークルメデューサの頭を作るためにあなたのデバイスを -  と傾ける。";" 화면 탭 [을 -] 잘라. 와  틸트 치가 제시 원 메두사의 머리를 만들기 위해.";" коснитесь экрана чтобы вырезать. и  наклона  устройство, чтобы сделать голову Джесси круг Медузы.";"[99FF66]Toca la pantalla[-] para cortar y gira tu dispositivo para que Jesse gire sobre Medusa.";"[99FF66] Toque na tela [-] para cortar. E [99FF66] inclinação [-] o dispositivo para fazer a cabeça de Jesse girar sobre a Medusa.";"[99FF66] Touchez l'écran [-] pour couper. Et [99FF66] inclinaison [-] votre appareil pour faire la tête de Jesse cercle Medusa.";"[99FF66] Berühren Sie den Bildschirm [-], um zu schneiden. Und [99FF66] Tilt [-] Sie Ihr Gerät mit Jesse Kreis Medusenhaupt zu machen.";"[99FF66] Toccare lo schermo [-] per tagliare. E [99FF66] tilt [-] il dispositivo per fare la testa di Jesse cerchio Medusa."
At the bottom you can activate your [99FF66]barber's powers[-]. Gain levels and upgrade your barber.,"At the bottom you can activate your [99FF66]barber's powers[-]. Gain levels and upgrade your barber.";"一番下にあなたがあなたの床屋の権限を有効にすることができます。レベルを獲得し、あなたの理髪師をアップグレードしてください。";"단에 당신은 당신의  이발사의 능력을 활성화 할 수 있습니다. 수준을 얻고 당신의 이발사를 업그레이드합니다.";"внизу вы можете активировать полномочия вашего  парикмахерские получать уровни и обновить парикмахера.";"En la parte de abajo puedes activar los [99FF66]poderes del peluquero[-]. Sube de nivel y mejora tu peluquero.";"Na parte inferior, você pode ativar seu poder [99FF66] barbeiro [-]. Ganhar níveis e atualizar o seu barbeiro.";"En bas, vous pouvez activer les pouvoirs de votre [99FF66] coiffure [-]. Gagner des niveaux et de mettre à jour votre coiffeur.";"[-] Am unteren Rand können Sie Ihre Kräfte [99FF66] Friseurs zu aktivieren. Gewinnen Sie Ebenen und aktualisieren Sie Ihren Friseur.";"In fondo è possibile attivare poteri vostro [99FF66] del barbiere [-]. Guadagno livelli e aggiornare il barbiere."
Try to get as far as you can [99FF66]Now[-].,"Try to get as far as you can [99FF66]Now[-].";"限りすることが今できる限り取得しよう。";"금까지 당신이 지금  할 수있는 얻을하려고합니다.";"попытаться получить как далеко, как вы можете  сейчас ";"Trata de llegar lo más lejos que puedas [99FF66]ahora[-].";"Tente chegar o mais longe que puder [99FF66] Agora [-].";"Essayez d'aller aussi loin que vous le pouvez [99FF66] Maintenant [-].";"Versuchen Sie, so weit wie möglich [99FF66] Jetzt erhalten [-].";"Cercare di ottenere il più possibile [99FF66] Ora [-]."
Awesome work! you had founded a hidden [99FF66]talent[-] sleeping inside of you.,"Awesome work! you had founded a hidden [99FF66]talent[-] sleeping inside of you.";"素晴らしい仕事！あなたの内側に眠っあなたは隠されたタレント設立した。";"멋진 작품! 당신은 숨겨진  재능 설립했다 [을 -] 당신의 내부에 자고.";"удивительная работа! Вы основал скрытый  талант пать внутри вас.";"Gran trabajo, creo que has encontrado un [99FF66]talento[-] escondido dentro de ti.";"Trabalho impressionante! Havia um [99FF66] talento [-] dormindo dentro de você.";"Travaux Awesome! vous aviez fondé une cachée [99FF66] talents [-] dormir à l'intérieur de vous.";"Awesome work! in dir schlafen Sie eine versteckte [99FF66] Talent gegründet hatte [-].";"Lavoro impressionante! si aveva fondato un nascosto [99FF66] talent [-] dorme dentro di te."
Up here you can check the [99FF66]score[-] and how much gold did you earn in [99FF66]this[-] game.,"Up here you can check the [99FF66]score[-] and how much gold did you earn in [99FF66]this[-] game.";"あなたはこのでどのくらいの金稼ぐなかったここまでのあなたはスコアを確認することができますゲーム。";"  얼마나 많은 금 적립 않았다 여기까지 당신은  점수를 확인할 수 있습니다  게임.";"здесь вы можете проверить  оценка  сколько золота вы заработали в  этого  игры.";"Aquí arriba puedes ver el [99FF66]puntaje[-] y cuánto oro ganaste en [99FF66]este[-] intento.";"Até aqui você pode verificar a [99FF66] pontuação [-] e quanto ouro que você ganha [99FF66] nesta [-] rodada.";"Jusqu'à ici, vous pouvez vérifier la [99FF66] marquer [-] et combien d'or avez-vous gagner dans [99FF66] ce Jeu[-].";"Hier oben können Sie überprüfen die [99FF66] punkten [-] und wie viel Gold haben Sie in [99FF66] dieses verdienen [-] Spiel.";"Quassù è possibile controllare il [99FF66] segnare [-] e quanto oro hai guadagnare in [99FF66] questo [-] gioco."
Here you can check your [99FF66]barber's status[-]. Upgrade your level or your powers to make them more [99FF66]effective[-].,"Here you can check your [99FF66]barber's status[-]. Upgrade your level or your powers to make them more [99FF66]effective[-].";"ここにあなたがあなたの床屋のステータスを確認することができますを。それらをより有効にするには、あなたのレベルやあなたの力をアップグレード。";"여기에 당신은 당신의  이발사의 상태를 확인 할 수 있습니다 [을 -]. 그들이 더 을 적용하기 위해 수준이나 능력을 업그레이드 할 수 있습니다.";"Здесь вы можете проверить свои  парикмахера состояния обновить уровень или свои полномочия, чтобы сделать их более  эффективным .";"Aquí está el [99FF66]estado de tu peluquero[-]. Mejora el nivel de los poderes para hacerlos más efectivos.";"Aqui você pode verificar o [99FF66] estado do seu barbeiro [-]. Atualize seu nível ou seus poderes para torná-los mais [99FF66] efetivo [-].";"Ici vous pouvez vérifier l'état de votre [99FF66] barbier [-]. Améliorez votre niveau ou vos pouvoirs pour les rendre plus [99FF66] efficace [-].";"Hier können Sie Ihre [99FF66] Barbierstatus überprüfen [-]. Rüsten Sie Ihr Niveau oder deine Kräfte, damit sie besser [99FF66] wirksam [-].";"Qui è possibile controllare il [99FF66] barbiere stato [-]. Aggiorna il tuo livello o tuoi poteri per renderli più [99FF66] efficace [-]."
The left one do a [99FF66]vertical cut[-] and the right one create a blizzard that [99FF66]slows the hair growing[-] for a while,"The left one do a [99FF66]vertical cut[-] and the right one create a blizzard that [99FF66]slows the hair growing[-] for a while";"左1 垂直カットないと右の1が成長髪を遅らせ、猛吹雪を作成しばらく";"오른쪽 하나는  성장하는 머리 속도가 느려 눈보라 생성 왼쪽 하나는  수직 절단 할 잠시 동안를";"Левая сделать  вертикальный разрез  правый создать метель, что  замедляет рост волос  в течение некоторого времени";"El de la izquierda hace un [99FF66]corte vertical[-] y el de la derecha, hace que [99FF66]el pelo crezca lento[-] por un tiempo.";"O da esquerda faz um [99FF66] corte vertical [-] e o da direita [99FF66] retarda o crescimento do cabelo [-] por um tempo";"Celui de gauche faire un [99FF66] découpe verticale [-] et celui de droite créer un blizzard qui [99FF66] ralentit la croissance des cheveux [-] pendant un certain temps";"Und die richtige schaffen ein Schneesturm, der [99FF66] verlangsamt die Haare wachsen[-]Der linke machen einen [99FF66] vertikalen Schnitt [-] für eine Weile";"Quello di sinistra fare un [99FF66] taglio verticale [-] e quello di destra creare una bufera di neve che [99FF66] rallenta la crescita dei capelli [-] per un po"
This is the [99FF66]missions[-] panel. Complete the missions and gain [99FF66]extra gold![-],"This is the [99FF66]missions[-] panel. Complete the missions and gain [99FF66]extra gold![-]";"パネルこれは、のミッションです。ミッションを完了し、余分な金を獲得！";"널이  임무입니다. 임무를 완료하고  여분의 금을 얻을! ";"это  представительств анель. завершить миссии и получить  дополнительное золото! ";"Este es el panel de [99FF66]misiones[-]. Completa las misiones para ganar [99FF66]oro extra![-]";"Este é o painel de [99FF66] missões [-]. Complete as missões e ganhe [99FF66] ouro extra! [-]";"Ce est le [99FF66] missions [-] panneau. Remplissez les missions et gagner [99FF66] or supplémentaire! [-]";"Dies ist die [99FF66] Missionen [-] Panel. Füllen Sie die Missionen und gewinnen [99FF66] zusätzliches Gold! [-]";"Questa è la [99FF66] missioni [-] del pannello. Completa le missioni e guadagnare [99FF66] oro in più! [-]"
"Now, press the [99FF66]continue[-] arrow to continue.";"Now, press the [99FF66]continue[-] arrow to continue.";"今、Enterキーを押して続ける矢印は続行します。";"지금 Enter 키를 눌러  계속 살표를 계속합니다.";"Теперь, нажмите  продолжать трелку.";"Ahora presiona la [99FF66]flecha[-] para continuar.";"Agora, pressione a [99FF66] seta [-] para continuar.";"Maintenant, appuyez sur la [99FF66] continuer [-] pour continuer.";"Jetzt drücken Sie die [99FF66] weiter [-], um fortzufahren.";"Ora, premere il tasto [99FF66] continua [-] freccia per continuare."
In here you can [99FF66]buy[-] things for your barbershop using the [99FF66]gold[-] that you earn in the game.,"In here you can [99FF66]buy[-] things for your barbershop using the [99FF66]gold[-] that you earn in the game.";"あなたがゲームで稼ぐことゴールドを使用して、あなたの理髪店のために何か -  を、ここでは、購入することができます。";"신이 게임에서 얻을 수있는  금을 사용하여 이발소 위해 물건  여기에 당신은  구입할 수 있습니다.";"Здесь вы можете  купить ещи для вашего парикмахерской с помощью клавиш  золото , что вы зарабатываете в игре.";"Aquí puedes [99FF66]comprar[-] cosas para tu peluquería usando [99FF66]oro[-] que hayas ganado.";"Aqui você pode [99FF66] comprar [-] coisas para a sua barbearia usando o ouro [99FF66] [-] que você ganhou no jogo.";"Ici vous pouvez [99FF66] acheter [-] choses pour votre salon de coiffure en utilisant l'or que vous gagnez dans le jeu.";"In Hier können Sie [99FF66] kaufen [-] Dinge für Ihre Friseurladen mit dem [99FF66] gold [-], dass Sie im Spiel zu verdienen.";"Qui è possibile [99FF66] acquistare [-] cose per il vostro barbershop utilizzando l'oro che si guadagna nel gioco."
[99FF66]Tilt[-] your device to turn the camera and [99FF66]swipe[-] to move around.,"[99FF66]Tilt[-] your device to turn the camera and [99FF66]swipe[-] to move around.";"チルト あなたのデバイスは、カメラとスワイプを回すために動き回る。";" 틸트 -] 장치가 카메라와 [99FF66] 강타를 켭니다 주위를 이동할 수 있습니다.";" наклона стройство, чтобы включить камеру и  салфетки , чтобы передвигаться.";"[99FF66]Gira[-] tu dispositivo para girar la cámara y haz [99FF66]swipe[-] para navegar.";"[99FF66] Gira [-] o dispositivo para ligar a câmera e [99FF66] faça clic [-] para navegar";"[99FF66] Tilt [-] votre appareil pour allumer l'appareil photo et [99FF66] glisser [-] pour se déplacer.";"[99FF66] Tilt [-] das Gerät, um die Kamera und [99FF66] Swipe Drehen Sie [-], um sich zu bewegen.";"[99FF66] Tilt [-] il dispositivo per accendere la fotocamera e [99FF66] colpo [-] per spostarsi."
Tap the button at the top to check the [99FF66]Store menu[-].,"Tap the button at the top to check the [99FF66]Store menu[-].";" 店舗メニューをチェックするために上部にあるボタンをタップします。";"저장 메뉴를 확인하기 위해 상단에있는 버튼을 누릅니다.";"нажмите на кнопку в верхней части, чтобы проверить  меню магазине ";"Toca el botón de arriba para ver el [99FF66]Menu de Tienda[-]";"Toque no botão na parte superior para verificar o [99FF66] menu Loja [-].";"Appuyez sur le bouton en haut de vérifier la [99FF66] Menu Store [-].";"Tippen Sie auf den Button oben zu überprüfen [99FF66] Shop Menü [-].";"Toccare il pulsante in alto per controllare la [99FF66] menu Store [-]."
"You can buy new windows, wallpapers, chairs, tables or floors. I have a [99FF66]gift[-] for you.";"You can buy new windows, wallpapers, chairs, tables or floors. I have a [99FF66]gift[-] for you.";"あなたが新しいウィンドウ、壁紙、椅子、テーブルや床を購入することができます。 あなたのために私はギフトがある。";"당신은 새 창, 배경 화면, 의자, 테이블이나 바닥을 구입할 수 있습니다. 난  선물이 을 당신을 위해.";"Вы можете купить новые окна, обои, стулья, столы и полы. У меня есть  подарок ля вас.";"Puedes comprar ventanas, muros, sillas, mesas o pisos. Tengo un [99FF66]regalo[-] para ti.";"Você pode comprar novas janelas, papéis de parede, cadeiras, mesas ou pisos. Eu tenho um [99FF66] presente [-] para você.";"Vous pouvez acheter de nouvelles fenêtres, fonds d'écran, des chaises, des tables ou des étages. Je ai un [99FF66] cadeau [-] pour vous.";"Sie können neue Fenster, Tapeten, Stühle, Tische oder Böden zu kaufen. Ich habe eine [99FF66] Geschenk [-] für Sie.";"È possibile acquistare nuove finestre, desktop, le sedie, tavoli o pavimenti. Ho un [99FF66] regalo [-] per voi."
"In the windows area, I had unlocked the 'Top Windows' [99FF66]Activate it[-] by tapping the [99FF66]Active[-] checkbox.";"In the windows area, I had unlocked the 'Top Windows' [99FF66]Activate it[-] by tapping the [99FF66]Active[-] checkbox.";" チェックボックス活性をタップして、ウィンドウ領域に、私はロックを解除した「トップの窓 'はそれをアクティブにする。";"크 박스  활성을 눌러  창 영역에서, 나는 '최고 창'이 활성화 잠금을 해제했다.";"в области окна, я отпер активировать 'Top окна "" его коснувшись  активную  флажок.";"En el área de ventanas, he desbloqueado las 'Ventanas Superiores'. Toca [99FF66]Activar[-] para activarlas.";"Na área de janelas, eu tinha desbloqueado as Janelas Top [99FF66] Ative-o [-] tocando no [99FF66] [].";"Dans le domaine des fenêtres, je avais déverrouillé le Top Windows ""[99FF66] Activez-[-] en appuyant sur le [99FF66] active [-] case.";"In der Windows-Umgebung hatte ich schloss die ""Top Windows [99FF66] Aktivieren Sie [-], indem Sie auf das [99FF66] Aktive [-] Kontrollkästchen.";"Nell'area finestre, avevo aperto la 'Top Windows' [99FF66] attivarlo [-] toccando il [99FF66] Attivo casella [-]."
Great job! remember that you can get more coins in the [99FF66]Store[-]. Have fun!,"Great job! remember that you can get more coins in the [99FF66]Store[-]. Have fun!";"素晴らしい仕事！ は、ストアに多くのコインを得ることができることを覚えている。楽しむ！";"훌륭한 일! 당신이  상점에서 더 많은 동전을 얻을 수 있다는 것을 기억 재미를!";"отличная работа! помните, что вы можете получить больше монет в  магазин веселиться!";"Gran trabajo! recuerda que puedes comprar más oro en la [99FF66]Tienda[-].";"Excelente trabalho! lembre-se que você pode obter mais moedas na [99FF66] Loja [-]. Divirta-se!";"Excellent travail! ne oubliez pas que vous pouvez obtenir plus de pièces dans le [99FF66] Magasin [-]. S'amuser!";"Gute Arbeit! denken Sie daran, dass Sie mehr Münzen in der [99FF66] Shop erhalten [-]. Spaß haben!";"Ottimo lavoro! ricorda che è possibile ottenere più monete nel [99FF66] Store [-]. Divertiti!"
"In here you can [99FF66]buy[-] things to improve the game, like new barbers, upgrades, objects or even [99FF66] More Gold[-].";"In here you can [99FF66]buy[-] things to improve the game, like new barbers, upgrades, objects or even [99FF66] More Gold[-].";"新しい理髪、アップグレード、オブジェクトあるいはより多くの金のようなゲームを改善するためのもの、ここでは、購入することができます。";"로운 이발사, 업그레이드, 객체 또는  더 많은 금과 같은 게임을 개선하기 위해 일  여기에 당신은  구입할 수 있습니다.";"Здесь вы можете  купить ещи, чтобы улучшить игру, как новые парикмахеров, обновления, объектов или даже  больше золота .";"Aquí puedes [99FF66]comprar[-] cosas para mejorar el juego, como nuevos peluqueros, mejoras, objetos e incluso [99FF66]Más Oro[-]";"Aqui você pode [99FF66] comprar [-] coisas para melhorar o jogo, como novos barbeiros, upgrades, objetos ou até mesmo [99FF66] Mais Ouro [-].";"Ici vous pouvez [99FF66] acheter [-] les choses pour améliorer le jeu, comme de nouveaux barbiers, les mises à niveau, des objets ou même [99FF66] More Gold [-].";"In Hier können Sie [99FF66] kaufen [-] Dinge, um das Spiel zu verbessern, wie neu Friseure, Upgrades, Gegenstände oder auch [99FF66] Mehr Gold [-].";"Qui è possibile [99FF66] acquistare [-] cose per migliorare il gioco, come nuovo barbieri, aggiornamenti, oggetti o anche [99FF66] More Gold [-]."
The [99FF66]Barbers panel[-] allow you to buy new barbers or upgrade your existing ones and their [99FF66]powers[-].,"The [99FF66]Barbers panel[-] allow you to buy new barbers or upgrade your existing ones and their [99FF66]powers[-].";"理髪パネルはを押して、新しい床屋を購入したり、既存のものとそれらのの力をアップグレードすることができます。";" 이발사 패널 [이 -] 로운 이발사를 구입하거나 기존과 의 능력을 업그레이드 할 수 있습니다.";" Панель парикмахеры озволит Вам приобрести новые парикмахеров или обновить существующие и их  полномочия .";"El [99FF66]panel Peluqueros[-] te permite comprar nuevos peluqueros o mejorar los que ya tienes o [99FF66]sus poderes[-].";"O [99FF66] painel barbeiros [-] permitem que você compre novos barbeiros ou atualizar seu já existentes e seus [99FF66] poderes [-].";"Le [99FF66] Barbiers panneau [-] vous permettent d'acheter de nouveaux barbiers ou mettre à jour vos existants et leurs [99FF66] pouvoirs [-].";"Die [99FF66] Barbers Panel [-] können Sie neue Barbiere Kauf oder ein Upgrade Ihrer bestehenden und ihre [99FF66] Kräfte [-].";"Il [99FF66] pannello Barbieri [-] permette di acquistare nuovi barbieri o aggiornare quelli esistenti e le loro [99FF66] poteri [-]."
Tap the [99FF66]Upgrades tab[-].,"Tap the [99FF66]Upgrades tab[-].";" アップグレード]タブをタップします。";" 업그레이드 탭을 누릅니다 을.";"Нажмите кнопку  на странице обновления ";"Toca el [99FF66]botón Mejoras[-].";"Toque no [99FF66] aba Upgrades [-].";"Appuyez sur le [99FF66] onglet Mises à niveau [-].";"Tippen Sie auf die [99FF66] Upgrades Registerkarte [-].";"Toccare il [99FF66] scheda Aggiornamenti [-]."
Reset Memory,"Reset Memory";"メモリをリセット";"리셋 메모리";"Сброс памяти";"Borrar Memoria";"Apagar memória";"Réinitialiser Mémoire";"Reset-Speicher";"Memory reset"
WARNING: This cannot be undone,"WARNING: This cannot be undone";"警告：これは元に戻すことはできません";"경고 :이 취소 할 수 없습니다";"Внимание: это не может быть отменено";"PELIGRO: Esto no se puede deshacer";"AVISO: Isto não se poderá desfazer";"AVERTISSEMENT: Ce ne peut être annulée";"WARNUNG: Dies kann nicht rückgängig gemacht werden";"ATTENZIONE: Questo non può essere annullata"
In this panel you can [99FF66]upgrade[-] the game to improve your performance.,"In this panel you can [99FF66]upgrade[-] the game to improve your performance.";"ゲームはあなたのパフォーマンスを向上させるために、このパネルでは、アップグレードすることができます。";"당신의 성능을 향상시킬 수있는 게임 - ​​[]이 패널에서는  업그레이드 할 수 있습니다.";"в этой панели вы можете  обновлению  игру, чтобы улучшить вашу производительность.";"En este panel puedes [99FF66]Mejorar[-] el juego para incrementar tu desempeño.";"Neste painel, você pode [99FF66] atualizar [-] o jogo para melhorar a sua performance.";"Dans ce panneau, vous pouvez [99FF66] améliorer [-] le jeu pour améliorer votre performance.";"In diesem Panel können Sie [99FF66] Upgrade [-] das Spiel, um Ihre Leistung zu verbessern.";"In questo pannello è possibile [99FF66] aggiornare [-] il gioco per migliorare le prestazioni."
Tap the [99FF66]Objects tab[-] now.,"Tap the [99FF66]Objects tab[-] now.";"オブジェクトタブをタップし、を今。";" 개체 탭을 누릅니다 을  이제.";"Нажмите кнопку , вкладка Objects еперь.";"Toca el [99FF66]botón Objetos[-] ahora.";"Toque no [99FF66] guia Objetos [-] agora.";"Appuyez sur le [99FF66] onglet Objets [-] maintenant.";"Tippen Sie auf die [99FF66] Registerkarte Objekte [-] jetzt.";"Toccare il [99FF66] scheda Oggetti [-] ora."
In the objects panel you can buy [99FF66]consumible objects[-] that will help you in the game.,"In the objects panel you can buy [99FF66]consumible objects[-] that will help you in the game.";"ゲームのお手伝いをします -  オブジェクトパネルでは、 consumibleオブジェクトを購入することができます。";"임에 도움이 될 것입니다 그 객체 패널에서 당신은  consumible 개체를 구입할 수 있습니다.";"в панели объектов вы можете купить  consumible объекты которые помогут вам в игре.";"En el panel Objetos puedes comprar [99FF66]objetos consumibles[-] que te ayudarán en el juego.";"No painel de objetos que você pode comprar [99FF66] objetos consumíveis [-] que irão ajudá-lo no jogo.";"Dans le panneau objets que vous pouvez acheter [99FF66] objets consumible [-] qui vous aideront dans le jeu.";"Im Panel-Objekte können Sie kaufen [99FF66] consumible Objekte [-], die Sie im Spiel helfen.";"Nel pannello di oggetti che si possono acquistare [99FF66] oggetti consumible [-] che vi aiuterà nel gioco."
Now tap the [99FF66]More Gold tab[-].,"Now tap the [99FF66]More Gold tab[-].";"今より多くの金]タブをタップします。";"제  더 많은 금 탭을 누릅니다.";"Теперь нажмите Чем больше золота вкладку  ";"Ahora toca el [99FF66]botón Más Oro[-]";"Agora toque o [99FF66] botão Mais Ouro [-].";"Maintenant appuyez sur le [99FF66] Plus onglet d'or [-].";"Tippen Sie nun die [99FF66] Weitere Registerkarte Gold [-].";"Ora toccare la [99FF66] More scheda Oro [-]."
In here you can purchase [99FF66]gold[-] with real money. Make your game easier and [99FF66]have more fun![-],"In here you can purchase [99FF66]gold[-] with real money. Make your game easier and [99FF66]have more fun![-]";"リアルマネーで -  ここでは、金を購入することができます。あなたのゲームを容易にし、より多くの楽しみを持っている！";"여기에서 당신은  골드 구입할 수 있습니다 [을 -] 진짜 돈으로. 게임이 쉽게와  더 재미있다! ";"здесь вы можете приобрести  золото  реальными деньгами. сделать вашу игру проще и  веселее ";"Aquí puedes comprar [99FF66]oro[-] con dinero real. Facilita tu juego y diviértete más.";"Aqui você pode comprar [99FF66] ouro [-] com dinheiro real. Faça o seu jogo mais fácil e [99FF66] têm mais divertimento! [-]";"Ici vous pouvez acheter [99FF66] or [-] avec l'argent réel. Rendre votre jeu plus facile et [99FF66] avoir plus de plaisir! [-]";"In Hier können Sie kaufen [99FF66] gold [-] mit echtem Geld. Machen Sie Ihr Spiel leichter und [99FF66] haben mehr Spaß! [-]";"Qui è possibile acquistare [99FF66] oro [-] con soldi reali. Rendere il gioco più facile e [99FF66] avere più divertimento! [-]"
If you’re having troubles [99FF66]buying gold[-] can help you a lot. Now go and enjoy!,"If you’re having troubles [99FF66]buying gold[-] can help you a lot. Now go and enjoy!";"あなたがトラブル買う金の抱えている場合は、をあなたに多くを助けることができる。今行くとお楽しみください！";"당신에게 문제  구입 골드가 있다면 을 당신에게 많은 도움이 될 수 있습니다. 지금 가서 즐기세요!";"Если вы испытываете проблемы  Покупка золота ожет помочь вам много. Теперь иди и наслаждайтесь!";"Si tienes problemas, [99FF66]comprar oro[-] puede ayudarte mucho. Ahora anda y diviértete!";"Se você está tendo problemas [99FF66] compra de ouro [-] pode ajudá-lo muito. Agora vá e divirta-se!";"Si vous rencontrez des problèmes [99FF66] acheter de l'or [-] peut vous aider beaucoup. Maintenant, allez et profitez-en!";"Wenn Sie Probleme mit [99FF66] Kauf von Gold sind [-] können Sie helfen, eine Menge. Nun gehen Sie und genießen!";"Se hai problemi [99FF66] l'acquisto di oro [-] può aiutare molto. Ora andate e divertitevi!"